-- MySQL dump 10.13  Distrib 5.7.17, for macos10.12 (x86_64)
-- ------------------------------------------------------
-- Server version	5.7.17

/*!40101 SET @OLD_CHARACTER_SET_CLIENT=@@CHARACTER_SET_CLIENT */;
/*!40101 SET @OLD_CHARACTER_SET_RESULTS=@@CHARACTER_SET_RESULTS */;
/*!40101 SET @OLD_COLLATION_CONNECTION=@@COLLATION_CONNECTION */;
/*!40101 SET NAMES utf8 */;
/*!40103 SET @OLD_TIME_ZONE=@@TIME_ZONE */;
/*!40103 SET TIME_ZONE='+00:00' */;
/*!40014 SET @OLD_UNIQUE_CHECKS=@@UNIQUE_CHECKS, UNIQUE_CHECKS=0 */;
/*!40014 SET @OLD_FOREIGN_KEY_CHECKS=@@FOREIGN_KEY_CHECKS, FOREIGN_KEY_CHECKS=0 */;
/*!40101 SET @OLD_SQL_MODE=@@SQL_MODE, SQL_MODE='NO_AUTO_VALUE_ON_ZERO' */;
/*!40111 SET @OLD_SQL_NOTES=@@SQL_NOTES, SQL_NOTES=0 */;

--
-- Table structure for table `ORDERS`
--

DROP TABLE IF EXISTS `ORDERS`;
/*!40101 SET @saved_cs_client     = @@character_set_client */;
/*!40101 SET character_set_client = utf8 */;
CREATE TABLE `ORDERS` (
  `id` int(11) NOT NULL AUTO_INCREMENT,
  `idBuyer` int(11) NOT NULL,
  `buyerName` varchar(90) NOT NULL,
  `date` datetime NOT NULL DEFAULT CURRENT_TIMESTAMP,
  PRIMARY KEY (`id`),
  KEY `idBuyerOrders_idx` (`idBuyer`),
  CONSTRAINT `idBuyerOrders` FOREIGN KEY (`idBuyer`) REFERENCES `USERS` (`id`) ON DELETE NO ACTION ON UPDATE CASCADE
) ENGINE=InnoDB AUTO_INCREMENT=19 DEFAULT CHARSET=latin1;
/*!40101 SET character_set_client = @saved_cs_client */;

--
-- Dumping data for table `ORDERS`
--

LOCK TABLES `ORDERS` WRITE;
/*!40000 ALTER TABLE `ORDERS` DISABLE KEYS */;
INSERT INTO `ORDERS` VALUES (1,4,'Mario Rossi','2017-08-22 13:23:12'),(2,5,'Luigi Verdi','2017-08-24 13:23:12'),(16,14,'Carlo Posta','2017-08-30 09:40:14'),(17,9,'Andrea Bianchi','2017-08-31 12:27:00'),(18,4,'Mario Rossi','2017-08-31 12:54:24');
/*!40000 ALTER TABLE `ORDERS` ENABLE KEYS */;
UNLOCK TABLES;

--
-- Table structure for table `ORDER_PRODUCTS`
--

DROP TABLE IF EXISTS `ORDER_PRODUCTS`;
/*!40101 SET @saved_cs_client     = @@character_set_client */;
/*!40101 SET character_set_client = utf8 */;
CREATE TABLE `ORDER_PRODUCTS` (
  `orderid` int(11) NOT NULL,
  `productid` int(11) NOT NULL,
  `quantity` int(11) NOT NULL,
  `orderStatus` int(11) NOT NULL DEFAULT '5',
  `buyerReadNot` tinyint(4) NOT NULL DEFAULT '1',
  `sellerReadNot` tinyint(4) NOT NULL DEFAULT '0',
  `adminReadNot` tinyint(4) NOT NULL DEFAULT '0',
  `problemDescription` varchar(400) DEFAULT NULL,
  PRIMARY KEY (`orderid`,`productid`),
  KEY `productid_idx` (`productid`),
  CONSTRAINT `orderid` FOREIGN KEY (`orderid`) REFERENCES `ORDERS` (`id`) ON DELETE CASCADE ON UPDATE CASCADE,
  CONSTRAINT `productid` FOREIGN KEY (`productid`) REFERENCES `PRODUCTS` (`id`) ON DELETE CASCADE ON UPDATE CASCADE
) ENGINE=InnoDB DEFAULT CHARSET=latin1;
/*!40101 SET character_set_client = @saved_cs_client */;

--
-- Dumping data for table `ORDER_PRODUCTS`
--

LOCK TABLES `ORDER_PRODUCTS` WRITE;
/*!40000 ALTER TABLE `ORDER_PRODUCTS` DISABLE KEYS */;
INSERT INTO `ORDER_PRODUCTS` VALUES (1,1,3,5,0,0,0,''),(2,5,2,2,0,0,1,'L\'anomalia è stata gestita dall\'amministratore'),(2,72,5,5,0,0,0,''),(16,3,4,5,1,0,0,NULL),(16,70,1,5,1,0,0,NULL),(16,76,3,5,1,0,0,NULL),(17,2,1,1,0,0,1,'L\'anomalia è stata gestita dall\'amministratore'),(18,40,1,5,1,0,0,NULL),(18,177,1,5,1,0,0,NULL);
/*!40000 ALTER TABLE `ORDER_PRODUCTS` ENABLE KEYS */;
UNLOCK TABLES;

--
-- Table structure for table `PICTURES`
--

DROP TABLE IF EXISTS `PICTURES`;
/*!40101 SET @saved_cs_client     = @@character_set_client */;
/*!40101 SET character_set_client = utf8 */;
CREATE TABLE `PICTURES` (
  `id` int(11) NOT NULL AUTO_INCREMENT,
  `name` varchar(90) NOT NULL,
  `id_Product` int(11) DEFAULT NULL,
  `id_Owner` int(11) DEFAULT NULL,
  PRIMARY KEY (`id`),
  KEY `id_product_pictures_idx` (`id_Product`),
  KEY `id_product_owner_idx` (`id_Owner`),
  CONSTRAINT `id_product_owner` FOREIGN KEY (`id_Owner`) REFERENCES `USERS` (`id`) ON DELETE SET NULL ON UPDATE CASCADE,
  CONSTRAINT `id_product_pictures` FOREIGN KEY (`id_Product`) REFERENCES `PRODUCTS` (`id`) ON DELETE SET NULL ON UPDATE CASCADE
) ENGINE=InnoDB AUTO_INCREMENT=96 DEFAULT CHARSET=latin1;
/*!40101 SET character_set_client = @saved_cs_client */;

--
-- Dumping data for table `PICTURES`
--

LOCK TABLES `PICTURES` WRITE;
/*!40000 ALTER TABLE `PICTURES` DISABLE KEYS */;
INSERT INTO `PICTURES` VALUES (1,'galaxy-s7-black.png',1,1),(2,'galaxy-s7-black.png',2,1),(3,'samsuns7leftangle.jpeg',1,1),(4,'Fender American Vintage \'65 Jazzmaster.jpg',5,1),(5,'Fender American Professional Stratocaster HSS.jpg',6,1),(6,'Gibson Les Paul Classic T 2017 Lemon Burst.jpg',7,1),(7,'reloop rhp 5 ltd.jpg',18,1),(8,'t-shirt in cotone con maxi stampa.jpg',11,1),(9,'t-shirt in jersey tinto in capo.jpg',12,1),(10,'ultimate lto-1000 qr laptop dj stand.jpg',17,1),(11,'sneakers uomo delmor.jpg',15,1),(12,'sneakers mid-cut uomo vurton.jpg',16,1),(13,'jeans skinny fit jondrill.jpeg',14,1),(14,'giubbotto in cotone con patch.jpg',10,1),(15,'giubbotto dark stretch denim.jpg',9,1),(16,'jeans skinny fit maestro jondrill.jpg',13,1),(17,'sony entertainment ps4 500gb d chassis black.jpg',26,1),(18,'microsoft xbox one 1tb.jpg',27,1),(19,'hp 15-ay501nl.jpg',22,1),(20,'iphone-7-matt-black_sku-header.png',3,1),(21,'samsung-galaxy-s7-edge-2.jpg',4,1),(22,'asus vivobook pro n552vx_fw131t.jpg',23,1),(23,'roland fp-80-bk.jpg',19,1),(24,'pioneer DDJ-RX.jpg',8,1),(25,'apple macbook pro retina 15.jpg',21,1),(26,'macbook air 13.jpg',20,1),(27,'sony bravia kd55a1.jpg',25,1),(28,'sony kd55a1.jpg',24,1),(29,'28.png',28,1),(30,'29.jpeg',29,1),(31,'31.png',31,1),(32,'33.jpg',33,1),(33,'34.jpeg',34,1),(34,'35.jpeg',35,1),(35,'36.jpeg',36,1),(36,'37.png',37,1),(37,'38.jpg',38,1),(38,'39.jpg',39,1),(39,'40.jpg',40,1),(40,'41.jpg',41,1),(41,'42.jpg',42,1),(42,'43.jpg',43,1),(43,'44.jpg',44,1),(44,'45.jpg',45,1),(45,'46.jpg',46,1),(46,'47.jpg',47,1),(47,'48.jpg',48,1),(48,'49.jpg',49,1),(49,'50.jpg',50,1),(50,'51.jpg',51,1),(51,'52.jpg',52,1),(52,'53.jpg',53,1),(53,'54.png',54,1),(54,'55.jpg',55,1),(55,'56.jpg',56,1),(56,'57.jpg',57,1),(57,'58.jpg',58,1),(58,'59.jpg',59,1),(59,'60.png',60,1),(60,'61.jpg',61,1),(61,'62.jpeg',62,1),(62,'63.jpg',63,1),(63,'65.jpg',65,1),(64,'66.jpg',66,1),(65,'67.jpg',67,1),(66,'68.jpeg',68,1),(67,'69.png',69,1),(68,'70.jpg',70,1),(69,'71.jpg',71,1),(70,'72.jpg',72,1),(71,'73.jpg',73,1),(72,'75.jpg',75,1),(73,'76.jpg',76,1),(74,'77.jpeg',77,1),(75,'78.jpg',78,1),(76,'79.jpg',79,1),(77,'80.png',80,1),(78,'30.jpg',30,1),(79,'32.jpg',32,1),(80,'64.jpg',64,1),(81,'86.jpg',86,1),(82,'100.jpg',100,1),(83,'117.jpg',117,1),(84,'121.jpg',121,1),(85,'128.jpg',128,1),(86,'137.jpg',137,1),(87,'148.jpg',148,1),(88,'153.jpg',153,1),(89,'195.jpg',195,1),(90,'202.jpg',202,1),(91,'210.jpg',210,1),(92,'218.jpg',218,1),(93,'74.png',74,1),(94,'89.png',89,1),(95,'115.png',115,1);
/*!40000 ALTER TABLE `PICTURES` ENABLE KEYS */;
UNLOCK TABLES;

--
-- Table structure for table `PRODUCTS`
--

DROP TABLE IF EXISTS `PRODUCTS`;
/*!40101 SET @saved_cs_client     = @@character_set_client */;
/*!40101 SET character_set_client = utf8 */;
CREATE TABLE `PRODUCTS` (
  `id` int(11) NOT NULL AUTO_INCREMENT,
  `name` varchar(45) NOT NULL,
  `description` varchar(600) NOT NULL,
  `price` double DEFAULT NULL,
  `id_shop` int(11) DEFAULT NULL,
  `categoria` varchar(100) NOT NULL,
  PRIMARY KEY (`id`),
  KEY `id_shop_idx` (`id_shop`),
  KEY `id_shop_products` (`id_shop`),
  CONSTRAINT `id_shop_products` FOREIGN KEY (`id_shop`) REFERENCES `SHOPS` (`id`) ON DELETE SET NULL ON UPDATE CASCADE
) ENGINE=InnoDB AUTO_INCREMENT=219 DEFAULT CHARSET=latin1;
/*!40101 SET character_set_client = @saved_cs_client */;

--
-- Dumping data for table `PRODUCTS`
--

LOCK TABLES `PRODUCTS` WRITE;
/*!40000 ALTER TABLE `PRODUCTS` DISABLE KEYS */;
INSERT INTO `PRODUCTS` VALUES (1,'Samsung S7 32 GB','Quadriband - 3G - 4G - Wi-Fi\nFotocamera Dual Pixel da 12 Megapixel\nProcessore Quad Core 2.3GHz + Quad Core 1.6GHz\nAndroid 6.0 Marshmallow - Memoria 32GB - GPS\nDisplay Quad HD Super Amoled 5,1\", Touchscreen\nDistribuito da Samsung Italia',544.99,1,'Telefonia'),(2,'Samsung S7 32 GB','Quadriband - 3G - 4G - Wi-Fi\nFotocamera Dual Pixel da 12 Megapixel\nProcessore Quad Core 2.3GHz + Quad Core 1.6GHz\nAndroid 6.0 Marshmallow - Memoria 32GB - GPS\nDisplay Quad HD Super Amoled 5,1\", Touchscreen\nDistribuito da Samsung Italia',550,2,'Telefonia'),(3,'iPhone 7 32 GB','Quadriband - 3G - 4G LTE Advanced - Wi-Fi\nFotocamera iSight da 12 Megapixel – Video 4K\nSistema Operativo iOS10 - GPS assistito e GLONASS\nDisplay Retina HD 4.7\" - Memoria 32 GB\nProcessore A10 Fusion - Touch ID\nDistribuito da Apple Italia',669,1,'Telefonia'),(4,'Samsung S7 Edge 32 GB','Quadriband - 3G - 4G - Wi-Fi\nFotocamera Dual Pixel da 12 Megapixel\nProcessore Quad Core 2.3GHz + Quad Core 1.6GHz\nAndroid 6.0 Marshmallow - Memoria 32GB - GPS\nDisplay Quad HD Super Amoled 5,5\" Touchscreen\nDistribuito da Samsung Italia',680,1,'Telefonia'),(5,'Fender American Vintage  \'65 Jazzmaster','Serie Vintage.\nCorpo in ontano.\nManico in acero con tastiera in palissandro laminato.\nCapotasto in osso.\nScala 25.5”, intarsi a punto perlati.\n2 Pick-up American Vintage \'65 Single-Coil Jazzmaster.\nControllo volume, tono + 1 selettore a 3 posizioni.\nPonte American Vintage con tremolo.\nMeccaniche stile vintage \"Fender Deluxe\" \nBattipenna a 4 strati tartarugato.\nInclude : custodia rigida( Deluxe Vintage Black) tracolla, corde, cavo, panno per la pulizia.',1940,3,'Strumenti Musicali'),(6,'Fender American Professional Stratocaster HSS','Corpo in frassino, rifinitura lucida poliuretano.\nManico in acero , Deep C.\nTastiera in palissandro\nScale 25.5”, intarsi a punto bianchi.\nCapotasto in osso.\n2 pick-up V-Mode single-coil\n1 pick-up al ponte Shawbucker™ 1\nControllo del volume/tono + 1selettore a 5 posizioni.\nPonte: tremolo\nMeccaniche: Fender standard.\nBattipenna a 3 strati parchment\nCustodia elite molded inclusa.',1520,3,'Strumenti Musicali'),(7,'Gibson Les Paul Classic T 2017 Lemon Burst','Corpo in mogano con top in acero plain.\nManico in mogano con tastiera in palissandro.\nScala 24.75”, intarsi a trapezio acrilico.\n1 pick-up al manico classic 57.\n1 pick-up al ponte classic 57 plus.\nControllo: volume/tone-\n1 selettore a 3 posizioni.\nPonte Tune-o-matic + stop bar cromato.\nMeccaniche Grover\nColore Surf Green',1499,3,'Strumenti Musicali'),(8,'Pioneer DDJ-RX','PIONEER DDJ-RX\n\nIl primo controller al mondo ( insieme al ddj- rz ) ad essere ottimizzato per rekordbox dj.\n\nDotato di layout intuitivo che rispecchia quello del software, pulsanti con parametri dei beat personalizzabili e modalità Sampler Cue e Sequencer per registrare e riprodurre direttamente dal pad.\n\nSCHEDA TECNICA\n\nIl DDJ-RX è uno dei primi controller nativi per rekordbox dj, che offre la possibilità di preparare i brani in rekordbox e quindi ottenere performance plug-and-play direttamente dal proprio laptop. Il controller rispecchia il layout del software proprio per consentire performa',1060,3,'Strumenti Musicali'),(9,'GIUBBOTTO IN DARK STRETCH DENIM','Giubbotto in dark blue stretch denim da 12.5oz effetto delavato con leggere scoloriture. Colletto classico, polsi con bottone singolo e fascette regolabili sui fianchi. Due taschini con pattina e bottone applicati sul petto, cuciture a contrasto e chiusura con bottoni classici.',169,5,'Abbigliamento e Accessori'),(10,'GIUBBOTTO IN COTONE CON PATCH\n','Giubbotto uomo in puro cotone tinta unita con colletto classico e polsi con bottone singolo. Patch applicate sul davanti, sulle maniche e sul retro. Due taschini con pattina e bottone applicati sul petto, chiusura con bottoni classici e stampa a contrasto sul davanti e sul retro.',149,5,'Abbigliamento e Accessori'),(11,'T-SHIRT IN COTONE MAXI STAMPA\n','T-shirt uomo in jersey di puro cotone tinta unita con scollo rotondo e ricamo logo sul lato. Maxi stampa a contrasto sul davanti.',39,5,'Abbigliamento e Accessori'),(12,'T-SHIRT IN JERSEY TINTO IN CAPO\n','T-shirt uomo tinta unita in jersey di puro cotone tinto in capo. Scollo tondo con ricamo logo sul lato e stampa a contrasto sul davanti.',49,5,'Abbigliamento e Accessori'),(13,'JEANS SKINNY FIT MAESTRO JONDRILL','Jeans uomo skinny fit in dark blue stretch denim da 12.5oz a lavaggio in tono scuro con baffature fortemente carteggiate. Trattamento aged brushing spugnato a mano per donare un forte contrasto di colore. Vestibilità regolare in vita, stretta su bacino, cosce e polpacci. Chiusura con zip e bottone, micro abrasioni sulle aperture delle cinque tasche e sugli orli. I jeans Maestro armonizzano la cura e l\'attenzione di Replay per i dettagli, con le ultime innovazioni nel trattamento del denim. Il risultato è un capo di qualità e dalle finiture distintive.',249,5,'Abbigliamento e Accessori'),(14,'JEANS SKINNY JONDRILL\n','Jeans uomo skinny a cinque tasche, in denim power stretch da 10oz con baffi carteggiati a mano. Lavaggio in tono scuro, effetto vintage su parte del tessuto e pieghe realizzate grazie al lavaggio con legature. Vestibilità regolare in vita, stretta sul bacino, sulla coscia e sul polpaccio. Passanti simmetrici e chiusura con zip e bottone.',99,5,'Abbigliamento e Accessori'),(15,'SNEAKERS DA UOMO DELMOR\n','Sneakers uomo DELMOR con tomaia in scamosciata nylon.',79,5,'Abbigliamento e Accessori'),(16,'SNEAKERS MID-CUT UOMO VURTON\n','Sneakers mid-cut uomo VURTON con tomaia in tessuto stampato, zip, lacci e suola in tinta.',99,5,'Abbigliamento e Accessori'),(17,'Ultimate LPT-1000QR Laptop/DJ Stand','Supporto per Laptop o attrezzature da DJ.\nAltezza 12.5” (318mm)\nPeso 3.1kg.',99,3,'Strumenti Musicali'),(18,'Reloop Rhp 5 - LTD','RELOOP RHP 5 LIMITED\n\nCuffia professionale ultra compatta in gomma verniciata, con padiglioni ruotabili (diametro 70 mm), driver ad elevato isolamento acustico, asticella retrattile, pressione acustica 96 dB, risposta in frequenza 10 Hz – 22 kHz, microfono integrato compatibile con tutti i telefoni cellulari attuali dotati di mini jack da 3,5 mm (iPhone e altri smartphone), peso 136 g, cavo a spirale da 1,3 ml, adattatore da 3,5 a 6,3 mm dorato. Colore: bianco.\n\nSCHEDA TECNICA :\n\nRisposta in frequenza: 10 Hz – 22 kHz\nPressione acustica: 96 dB\nConnettori: Jack da 3.5/6.3 mm\nCavi: 1,3 m a spiral',25,3,'Audio/Video'),(19,'Roland FP80bk','Portatile e moderno, FP-80 offre un suono ricco e potente apprezzabile da tutti gli amanti del piano. La tastiera Ivory Feel-S e il generatore SuperNATURAL Piano garantiscono il massimo dell\'espressività, mentre il sistema di amplificazione integrato, grazie alla tecnologia Acoustic Projection di Roland, sprigiona un suono potente ed avvolgente. La funzione Rhythm aggiunge divertimento al vostro suonare, grazie ai numerosi e dettagliati accompagnamenti automatici che seguiranno le vostre performance in tempo reale. Disponibile sia in bianco sia in nero, il versatile FP-80 è perfetto per una mi',870,3,'Informatica'),(20,'APPLE MACBOOK AIR 13\'\' MQD42T/A\n','Processore Intel® Core™ i5 (1.8/2.9GHz, 3MB L3)\nHD 256GB SSD - RAM 8GB - Display 13.3\" retroilluminato LED\nWi-Fi 802.11a/b/g/n/ac - Bluetooth 4.0 - Mac OS Sierra\nScheda grafica Intel® HD Graphics 6000\nTrackpad Multi-Touch - Videocamera FaceTime HD',1199,1,'Informatica'),(21,'APPLE MACBOOK PRO RETINA 15\" MJLQ2T/A\n','Processore: Processore Intel® Core™ i7 Quad-Core (2,2 Ghz, Cache: 6 MB) - HD: GB - RAM: 16 GB - Display: 15,4 \' Formato: 16:10 - Bluetooth: Bluetooth 4.0 - Sistema operativo: Mac OS X Yosemite - Scheda grafica: Intel Iris Pro Graphics',2299,1,'Informatica'),(22,'HP 15-AY501NL\n','Processore Intel® Core™ i3-6006U (2 GHz - 3 MB L3)\nHDD 500 GB - RAM 4 GB - Display 15,6\" WLED\nWiFi IEEE 802.11b/g/n - Bluetooth 4.0 - Windows 10 Home 64-bit\nScheda grafica AMD Radeon R5 M430 (2 GB dedicata)',399,1,'Informatica'),(23,'ASUS VivoBook Pro N552VX-FW131T\n','Processore Intel® Core™ i7-6700HQ (2.6/3.5 GHz, 6MB L3)\nHD 1000 GB - RAM 8GB - Display 15,6\" LED Full HD\nWi-Fi 802.11a/b/g/n/ac - Bluetooth 4.0 - Windows 10\nScheda grafica nVidia GeForce GTX 950M(4GB Dedicata)',799,1,'Informatica'),(24,'SONY BRAVIA KD55A1\n','TV Sony BRAVIA 55\" OLED 4K HDR\nProcessore 4K HDR X1 Extreme, Triluminos Display\nAcoustic Surface con subwoofer integrato\nOne Slate Design, AndroidTV\nTuner HD DVB-T2, DVB-S2 e DVB-C, Premium SMART CAM Ready\nTivùsat, HEVC. Wi-Fi integrato, Chromecast built-in, Screen Mirroring per condivisione schermo smartphone senza fili\nSlot CI+, Home Network, 4 HDMI, 3 USB\nDistribuito da Sony Italia',3499,1,'Elettrodomestici'),(25,'SONY KD-55A1','Dimensioni schermo (pollici) 55 - Tecnologia FULL HD - Smart Tv - Risoluzione UHD 4K',3480,2,'Elettrodomastici'),(26,'SONY ENTERTAINMENT PS4 500GB D Chassis Black','La console più venduta al mondo, ora con un nuovo design e incredibili immagini in HDR. Memorizza giochi, app e istantanee, scegliendo fra i modelli da 500 GB e quelli da 1 TB. I migliori programmi TV, film e altro, dalle tue app di intrattenimento preferite.',279,115,'Console e Videogiochi'),(27,'MICROSOFT XBOX ONE 1TB','La Xbox One si caratterizza per un hardware moderno ed elegante e si presenta nelle proporzioni 16:9 avvalendosi di un orientamento orizzontale ottimizzato per il lettore di dischi Blu-ray ad alta velocità. La console, di un caldo e profondo color nero lucido, presenta il caratteristico design con gli angoli smussati. Xbox One è progettata per offrire una generazione completamente nuova di giochi, spettacoli televisivi e intrattenimento, attraverso un unico e potente dispositivo all-in-one dotato di un\'architettura speciale e moderna che aggiunge un tocco di semplicità al salotto',327,2,'Console e Videogiochi'),(28,'Nike Air Max 97 Ultra \'17','Colore: Black-Black-Black\nMateriale: Mesh/Synthetic\nCodice prodotto: 314211701504',170,6,'Abbigliamento e Accessori'),(29,'adidas Warps Trefoil Box Logo ','Colore: Black-Black\nMateriale: Cotton Jersey\nCodice prodotto: 317662078381',19,6,'Abbigliamento e Accessori'),(30,'Nike Logo - Uomo Hoodies','Colore: Black-Black\nMateriale: Cotton French Terry\nCodice prodotto: 317357939880',54,106,'Abbigliamento e Accessori'),(31,'Anzola - 2 posti','Un divano dalle linee morbide e avvolgenti, ispirato nel nome all\'operoso paese alle porte di Bologna. Divano in tessuto dal design classico, senza tempo, adatto ad ambientazioni moderne e contemporanee. Grandi e avvolgenti schienali, dotati di poggiareni incorporati, assicurano il massimo del comfort. Come tutti i nostri divani in tessuto, è sfoderabile e ti permette di cambiare rivestimento, per esprimere la tua personalità e per adattarlo al proprio stile di arredamento. Un divano dalle linee morbide e avvolgenti, ispirato nel nome all\'operoso paese alle porte di Bologna.',999,8,'Arredamento e Casalinghi'),(32,'Anzola - 3 posti','Un divano dalle linee morbide e avvolgenti, ispirato nel nome all\'operoso paese alle porte di Bologna. Divano in tessuto dal design classico, senza tempo, adatto ad ambientazioni moderne e contemporanee. Grandi e avvolgenti schienali, dotati di poggiareni incorporati, assicurano il massimo del comfort. Come tutti i nostri divani in tessuto, è sfoderabile e ti permette di cambiare rivestimento, per esprimere la tua personalità e per adattarlo al proprio stile di arredamento. Un divano dalle linee morbide e avvolgenti, ispirato nel nome all\'operoso paese alle porte di Bologna.',1499,8,'Arredamento e Casalinghi'),(33,'Anzola - potrona','Un divano dalle linee morbide e avvolgenti, ispirato nel nome all\'operoso paese alle porte di Bologna. Divano in tessuto dal design classico, senza tempo, adatto ad ambientazioni moderne e contemporanee. Grandi e avvolgenti schienali, dotati di poggiareni incorporati, assicurano il massimo del comfort. Come tutti i nostri divani in tessuto, è sfoderabile e ti permette di cambiare rivestimento, per esprimere la tua personalità e per adattarlo al proprio stile di arredamento. Un divano dalle linee morbide e avvolgenti, ispirato nel nome all\'operoso paese alle porte di Bologna.',300,8,'Arredamento e Casalinghi'),(34,'COSTUME BOXER UOMO FORMENTERA LEAF','Boxer mare lungo fantasia foglie con slip interno in retina, coulisse in vita, taschino posteriore e tasche laterali. Vestibilità larga e confortevole. Asciugatura rapida.',14.5,31,'Abbigliamento e Accessori'),(35,'COSTUME BOXER UOMO CORAL BAY PALME','Boxer mare lungo fantasia foto palme con slip interno in retina, coulisse in vita, taschino posteriore e tasche laterali. Vestibilità larga e confortevole. Asciugatura rapida.',14.5,9,'Abbigliamento e Accessori'),(36,'COSTUME BOXER UOMO PORTOFINO CONTRASTI','Boxer mare corto con profili in contrasto colore, slip interno in retina, coulisse in vita e tasche laterali. Vestibilità confortevole. Asciugatura rapida.',14.9,37,'Abbigliamento e Accessori'),(37,'FIFA 18','EA SPORTS™ FIFA 18 attenua il confine tra il mondo reale e virtuale dando vita a eroi, squadre e atmosfere del gioco più bello del mondo. \nFIFA 18 introduce la più grande innovazione al sistema di gioco nella storia della serie, la tecnologia d\'animazione Real Player, un sistema innovativo che sblocca un nuovo livello di reattività e di personalità dei giocatori. \nOra Cristiano Ronaldo e gli altri campioni si muovono esattamente come sul campo reale.',70.98,10,'Console e Videogiochi'),(38,'GTA V','Los Santos: un\'enorme e soleggiata metropoli piena di sedicenti guru, attricette e celebrità sul viale del tramonto. Un tempo era l\'invidia del mondo occidentale, ma ora è costretta ad arrangiarsi per restare a galla in un\'epoca di incertezza economica e TV via cavo da quattro soldi.\nIn mezzo a tutto questo, tre criminali molto diversi tra loro si danno da fare per sopravvivere e realizzarsi, ognuno a modo suo: l\'ambizioso Franklin è a caccia di soldi e di opportunità; Michael, un ex criminale professionista, sta facendo i conti con una \"pensione\" meno rosea del previsto; e Trevor, un maniaco ',74.98,70,'Console e Videogiochi'),(39,'Controller Wireless DUALSHOCK®4 - Steel Black','Interagisci con i giochi nei modi che già conosci e in altri che non ti saresti mai immaginato. Levette più precise, sensori di movimento incorporati, altoparlante integrato e controlli touch non sono che alcune delle caratteristiche che fanno sì che il controller wireless DUALSHOCK 4 metta nelle tue mani un gioco intuitivo e completo.\nUn nuovo modo di giocare. Il miglior design di sempre\nTrasmetti i tuoi video\nCattura e mostra al mondo intero i tuoi momenti di gioco migliori toccando il tasto SHARE.\nA portata di dita\nGuida, fai scorrere o trascina e rilascia contenuti con il nuovissimo touch ',74.98,28,'Console e Videogiochi'),(40,'MORTADELLA BOLOGNA IGP FRESCHI & CONVENIENTI ','I Freschi & Convenienti Conad li riconosci subito: grazie alla confezione con la finestra trasparente puoi constatarne direttamente l’elevata qualità. I Freschi & Convenienti Conad sono prodotti gastronomici golosi, genuini e naturali. Lo conferma l’etichetta adesiva sul retro della confezione, ricca di informazioni chiare e complete.\nUn\'offerta ampia e diversificata di più di 1.000 prodotti che negli anni hanno conquistato la fiducia dei consumatori offrendo qualità e convenienza. Naviga il sito e scopri tutte le novità dei prodotti a marchio Conad',1.25,11,'Altri'),(41,'PETTO DI POLLO ARROSTO 130G','I Freschi & Convenienti Conad li riconosci subito: grazie alla confezione con la finestra trasparente puoi constatarne direttamente l’elevata qualità. I Freschi & Convenienti Conad sono prodotti gastronomici golosi, genuini e naturali. Lo conferma l’etichetta adesiva sul retro della confezione, ricca di informazioni chiare e complete.\nUn\'offerta ampia e diversificata di più di 1.000 prodotti che negli anni hanno conquistato la fiducia dei consumatori offrendo qualità e convenienza. Naviga il sito e scopri tutte le novità dei prodotti a marchio Conad',1.35,11,'Altri'),(42,'CRUDO DI PARMA DOP 90 GR.','I Freschi & Convenienti Conad li riconosci subito: grazie alla confezione con la finestra trasparente puoi constatarne direttamente l’elevata qualità. I Freschi & Convenienti Conad sono prodotti gastronomici golosi, genuini e naturali. Lo conferma l’etichetta adesiva sul retro della confezione, ricca di informazioni chiare e complete.\nUn\'offerta ampia e diversificata di più di 1.000 prodotti che negli anni hanno conquistato la fiducia dei consumatori offrendo qualità e convenienza. Naviga il sito e scopri tutte le novità dei prodotti a marchio Conad',1.35,11,'Altri'),(43,'Audi A1','1.0 TFSI 82cv',18.15,12,'Auto'),(44,'Audi A3','1.0 TFSI',24.8,12,'Auto'),(45,'Audi A5','2.0 TFSI 140KW',40.75,12,'Auto'),(46,'CARRIOLA IN ACCIAIO ZINCATO - 75 LITRI','Telaio in tubolare di acciaio con diametro di 30 mm, ruota pneumatica. Vasca in acciaio zincato. Portata 100 kg, capacità 75 litri.',32.9,58,'Giardino e Fai da te'),(47,'CARRIOLA A MOTORE VIGOR VI-CA 300.','Motocarriola Vigor VI-CA 300 cingolata con motore a benzina 196cc 4T EURO2 da 4,8 KW. Avviamento manuale a strappo con 3 velocità in avanti e 1 in retromarcia. Il cassone è ribaltabile con una portata massima di 300 Kg di peso.',1495,13,'Giardino e Fai da te'),(48,'MOTOSEGA A SCOPPIO AL-KO \"BKS 3835\" - 1200 W ','Motosega a benzina AL-KO, perfetta per uso domestico, hobbistico e fai da te. Leggera ma allo stesso tempo potente, con un motore che genera 1,6 / 2,0 / 2,3 cavalli a seconda del modello, equipaggiata con una barra da 35 o 40 cm, che mantiene un giusto compromesso tra versatilità ed efficienza. Barra e catena sono originali Oregon, che offrono buone prestazioni di taglio, e una lunga durata, grazie alla resistenza dei materiali impiegati nella costruzione. La catena è predisposta per essere autolubrificata durante il normale funzionamento, e il sistema di avviamento facilitato la rende una mac',155,13,'Giardino e Fai da te'),(49,'Jamestown Drake barbecue combinato con affumi','Barbecue combinato Jamestown Drake con griglie in ghisa di alta qualità adatto sia per la classica cottura a carbonella che a gas. Dispone di tre bruciatori in acciaio inox regolabili, un bruciatore laterale a infrarossi, due griglie di cottura in ghisa con inserto centrale rimovibile per sistema di cottura Modular sistem e una pratica griglia per mantenimento calore che permette di tenere gli alimenti in caldo anche a cottura ultimata.\n\nOltre alla cottura diretta sulla brace o fuoco, questo barbecue permette la cottura di alimenti anche in modalità indiretta (affumicatura). Con la combustione',599.99,14,'Giardino e Fai da te'),(50,'SALEWA\nSierra Leone III - tenda','Sierra Leone III di Salewa: un bestseller da molti anni, nuovamente rinnovato! Tenda a cupola per 3 persone, ideale per trekking alpini nelle tre stagioni, con doppio telo per proteggere da condizioni atmosferiche avverse.\n2 entrate e 2 ampie absidi\n2 aperture di aerazione laterali con cerniera\npaleria in alluminio da 8,5 mm\npicchetti in alluminio da 14,5 cm\nstruttura autoportante\nsoluzione estensibile per la veranda\ntirante lungo in tessuto\nganci in nylon per fissare il doppiotetto in caso di basse temperature\ngrondaia all\'ingresso\nkit di riparazione incluso\nMateriale esterno: 100 % Polyester',360,15,'Sports'),(51,'4 O PIÙ LOCALI A BOLZANO (OLTRISARCO - ASLAGO','VIA DEL PARCO: BELLISSIMO QUADRILOCALE in OTTIMO STATO di 130 mq, l\'immobile si compone di ingresso, soggiorno, cucina abitabile, 3 stanze da letto, 2 bagni di cui uno finestrato, 2 BALCONI, 1 TERRAZZO, cantina, posto auto e giardino condominiale, extra acquisto garage doppio, POSIZIONE INTERNA E TRANQUILLA, OTTIMA ESPOSIZIONE! Classe Energetica B.\n\nQuesto immobile è proposto in vendita dalla REALPRO, un\'agenzia immobiliare che opera nel settore con grande serietà e trasparenza. I nostri punti di forza sono la disponibilità e l\'attenzione che rivolgiamo al cliente. Chi compra, chi vende, chi d',355,16,'Appartamenti'),(52,'TAVOLA SURF 100 8’ CON LEASH','La tavola da surf per iniziare e perfezionarsi in tutta sicurezza. Venduta con un leash e 3 pinne non taglienti. Passare la wax per non scivolare.',159.99,17,'Sports'),(53,'VERT - HELMET','Upwards as well as downwards - the extremely versatile Climb-to-ski helmet is the ideal compromise between the classic climbing...',160,18,'Sports'),(54,'Apple iPhone 7','iPhone 7.\nTutto ciò che rende iPhone straordinario oggi fa uno straordinario passo avanti, con iPhone 7. Un fotocamera evoluta. Più potenza e autonomia di ogni altro iPhone. Altoparlanti stereo per un suono più avvolgente. Un display più luminoso e più ricco di colori che mai. Protezione dall’acqua e dagli schizzi. E una potenza che riconosci al primo sguardo. Questo è iPhone 7.',919.9,19,'Telefonia'),(55,'Pliko Mini neon','Grazie alle sue dimensioni ridotte, alla leggerezza e alla grande praticità, vi offre maggiore libertà di movimento. È il più piccolo di casa Peg Perego, eppure sta in piedi da solo, offrendo alla mamma la certezza di un\'igiene sempre perfetta, anche quando è necessario \"parcheggiare\". Lo schienale reclinabile a più di 150° lo rende adatto fin dai primi mesi di vita del bambino. Misura solo 49 cm di larghezza, 100 di altezza e 83 di profondità. Non c\'è porta di ascensore, cassa di supermercato, tram o bus dove Pliko Mini non si muova con agilità. Pliko Mini entra poi in ogni bagagliaio e lasci',159.9,20,'Tutto per i bambini'),(56,'Cartucce ink-jet non originali','Ink-jet non è altro che un tipo di tecnologia detta “a getto d’inchiostro” le cui cartucce sono dotate di un serbatoio, solitamente di materiale plastico, contenente l’inchiostro e sono prodotte con e senza “testina di stampa”, cioè con e senza il dispositivo che regola la fuoriuscita del getto d’inchiostro. \nNel secondo caso la testina è installata direttamente sulla stampante e la cartuccia non è altro che un semplice serbatoio.',15,22,'Altri'),(57,'Adidas eyewear','MOD.AF46/10 // COL.6051',50,23,'Altri'),(58,'PSX Shifter Kombi Lederhose schwarz-weiß-gelb','Vollnarbiges Rindleder mit Bewegungsfreiheit durch Stretchbereiche, die PSX Shifter Lederkombi-Hose setzt auf gute Materialien und einen hohen Tauglichkeitsfaktor. Der Ausstattungsgrad ist durch die Protektoren an Knien und Hüfte und durch die Hartschalen an den Knien hoch. Die Klettaufnahmen lassen sich individuell mit Schleifern ausstatten.',99.99,24,'Accessori Moto'),(59,'DIFFUSORE SONY GTK-XB5 VERDE','BASSI PROFONDI E TRAVOLGENTI CONFIGURAZIONE VERTICALE O ORIZZONTALE BLUETOOTH,NFC,EFFETTI LUMINOSI',149.9,25,'Audio/Video'),(60,'Occhiali da sole','Occhiali da sole di vari colori',10,26,'Abbigliamento e Accessori'),(61,'Huawei P8 Lite 4G 16GB Nero','Sistema operativo incluso Android \nModello del processore Kirin 620 \nDimensioni schermo 5  \"\nCapacità memoria interna 16  GB\nCapacità RAM 2048  MB\nNear Field Communication (NFC) Si \nBluetooth Si \nColore del prodotto Nero ',149.9,27,'Telefonia'),(62,'JOHN LENNON - VINYL BOX','John Lennon - v inyl box 8 LP',40,29,'Audio/Video'),(63,'maglia polartec power dry ','secondo strato di poco peso e poco ingombro - zip lunga per maggior praticità - taschina con zip sul petto - elasticizzato ',148,30,'Abbigliamento e Accessori'),(64,'Ringo','Ringo vaniglia',0.62,32,'Altri'),(65,'BAKED BRONZER','Maxi terra cotta dal tocco setoso per regalare un piacevole effetto abbronzato.\n\nProdotto di grande successo con una texture in polvere cotta ad alta sfumabilità che dona una resa cromatica omogenea. La cialda è composta da un inedito mélange di colori.\n\nLa formula, arricchita con olio di jojoba e vitamina E, si distingue per il delicato aroma alla vaniglia, che lascia la pelle profumata e come baciata dal sole. \n\nDisponibile in 2 tonalità.',22.95,33,'Altri'),(66,'SALEWA\nPUEZ RTC M','Giacca outdoor Salewa PUEZ RTC M - Uomo - Cappuccio fisso con bordo elastico - Spalle e maniche ergonomiche - Bordi leggeri ed elastici sul fondo e sulle maniche',45,34,'Abbigliamento e Accessori'),(67,'Airoh','airoh AVIATOR 2.2 RIPPLE BLACK GLOSS',569.99,35,'Accessori Moto'),(68,'MAGLIA A MANICA LUNGA IN VISCOSA E RASO DI SE','Maglia a manica lunga in viscosa con scollo a V. È impreziosita da un dettaglio in raso di seta lungo lo scollo e da un arriccio al centro. La modella è alta 179 cm e indossa una taglia S.',29.9,36,'Abbigliamento e Accessori'),(69,'Vans','Scarpe Vans di vari colori',60,38,'Abbigliamento e Accessori'),(70,'MASO LIZZONE','Maso Lizzone è posto nei pressi di Dro su una conca baciata dal sole e caratterizzata da un particolare microclima. I vigneti formano questo cru composto da Merlot, Cabernet Sauvignon e Cabernet Franc, invecchiato in botti di rovere e in barriques francesi, e affinato poi in bottiglia. Ambiente, vitigno e uomo hanno contribuito in egual misura alla produzione di questo vino.',35,39,'Altri'),(71,'Le Diciotto Lune','Grappa Stravecchia emblematica della cultura, della cura e dell\'arte del distillare. Ottenuta dalla distillazione a Bagnomaria in alambicco discontinuo di 5 vinacce trentine quali Marzemino, Teroldego, Merlot, Moscato e Chardonnay, affina in piccole botti di Ciliegio, Frassino, Rovere e Robinia che regalano ciascuno le proprie caratteristiche di profumo, aroma, colore e sapore. Il tempo di invecchiamento ricalca i ritmi della natura: di luna in luna scorrono 18 mesi. \nIl profumo si fa intenso, diviene più etereo ed armonico, il gusto perde le spigolosità iniziali e si arrotonda per dare una pe',41,41,'Altri'),(72,'CARNIELLI\nX-03','Cyclette Carnielli X-03 - Ciclocamera - 8 livelli di resistenza - Pulsazioni hand pulse - Funzioni computer: tempo, velocità, distanza, calorie, pulsazioni, rpm - Sistema magnetico',179.99,42,'Sports'),(73,'La sportiva','Scarpa La Sportiva',70,43,'Abbigliamento e Accessori'),(74,'Tagliata di petto di pollo Amadori','Tagliata di petto di pollo',5.9,44,'Altri'),(75,'Happydog Happy Dog Cucciolo taglia grande','Happy dog linea supreme. Alimento completo per cani baby o junior di razze di taglia grande con oltre 26 kg di peso da adulti.',18.99,45,'Animali'),(76,'PORCHETTA ARROTOLATA','Porchetta arrotolata',13.9,46,'Altri'),(77,'T-Shirt Girocollo in Jersey','T-Shirt ',7.9,47,'Abbigliamento e Accessori'),(78,'Cosmetici naturali','Cosmetici naturali',21,48,'Altri'),(79,'CS Schmal Schubladenkommode als Schlafzimmerm','Eine moderne CS Schmal Kommode für Ihr Zuhause. Dieses funktionale Schlafzimmermöbel oder Büromöbel ist praktisch, denn es schafft viel Stauraum und nimmt wenig Platz ein. Gleichzeitig kann es als Grundlage für die Präsentation anderer Dekoartikel wie Vasen und Schalen dienen.\n\nIm Schlafzimmer für Bettwäsche, im Eingangsbereich für kleinere Alltagsgegenstände und Hausschuhe oder im Kinder- und Arbeitszimmer für Schreibutensilien und Büroartikel findet diese unkomplizierte Anrichte von CS schmal ihren richtigen Platz. Der dezente Farbton wirkt einladend und wärmend und fügt sich harmonisch in I',32,49,'Arredamento e Casalinghi'),(80,'Berretto in maglia jacquard 3D','Berretto beanie in maglia. Lavorazione jacquard a fantasia geometrica con effetto tridimensionale. Bordo a coste, risvoltabile. Coordinato alla sciarpa AMBIRE e alle maglie CORVO e CROMA. Modello consegnato con packaging personalizzato.\n\nNome prodotto:?AMBIENTE\nCodice prodotto:?4574067703002',49,50,'Abbigliamento e Accessori'),(81,'JOSEPH\nBlusa in seta','Blusa in seta a principe di galles\nColletto alla coreana\nChiusura con bottoni sul fronte con contropiega\nManiche lunghe con bottoni ai polsi\nSpacchi laterali\nLa modella è alta 179 cm e indossa una taglia 36\nLavaggio a secco\nMateriale: 100% seta',495,51,'Abbigliamento e Accessori'),(82,'Grandi elettrodomestici – posizionamento libe','Ampia scelta di grandi elettrodomestici, anche da incasso: grandi, silenziosi ed economici che vi faranno risparmiare molto tempo prezioso. Siamo in grado di soddisfare qualsiasi vostra esigenza.\nGamma articoli più importanti:\nLavatrici, asciugatrici, lavastoviglie, piani cottura, forni, cappe, frigoriferi e congelatori.',550,52,'Elettrodomestici'),(83,'Apple\niPhone SE','Il telefono da 4” più potente di sempre riprende un design compatto di grande successo aggiungendovi due fotocamere evolute e una potenza di elaborazione incredibile.\nDisegnato per stare comodamente in mano e risultare piacevole al tatto, grazie alla finitura satinata del guscio in alluminio microsabbiato.\nDisplay Retina da 4\", chip A9 con archittetura a 64 bit di livello desktop, sensore di impronte digitali Touch ID, fotocamera iSight da 12MP, videocamera FaceTime HD con Retina flash, Live Photos e connessioni Wi-Fi e 4G veloci. E ancora, iOS 9 e iCloud.',575,53,'Telefonia'),(84,'Huawei P10','Il design pulito di HUAWEI P10 si sviluppa attorno a una struttura leggera di appena 7 mm con una finitura che regala resistenza e colore, mentre la doppia fotocamera a filo mette in risalto le curve morbide e arrotondate. \nLa doppia fotocamera sviluppata con Leica è dotata di due obiettivi con un’apertura F2.2 e sensori da 20MP+12MP con OIS. Immagini di qualità superiore in condizioni di scarsa luminosità.\nLa batteria ad alta densità da 3200 mAh di HUAWEI P10 supporta la tecnologia di ricarica SuperCharge di HUAWEI. Grazie alla protezione 5-gate, ora la ricarica è veloce e sicura.\nL’Ultra Mem',885,54,'Telefonia'),(85,'HAVAIANAS','Codice: 4139511-0121-M19\nColore: BEIGE',26,55,'Abbigliamento e Accessori'),(86,'Bevanda di riso al naturale Rice & Rice Drink','Bevanda di riso al naturale Rice & Rice Drink 200ml',0.85,56,'Altri'),(87,'Abito rosso','',25,57,'Abbigliamento e Accessori'),(88,'Papillon FeFè A/I 17-18','RIFERIMENTO  PAP 2045 CERC Grigio',49,59,'Abbigliamento e Accessori'),(89,'Maschera semi di Lino - luminosità intensa - ','In 2 minuti combatte i segni dei capelli secchi, spenti e difficili da gestire. La formula sublimatrice, nutre senza appesantire. L\'azione illuminante dell\'\'olio di semi di Lino e protettiva delle proteine del Grano trasformano l\'aspetto dei capelli che dopo ogni applicazione risplenderanno della loro naturale bellezza... finalmente luminosi, leggeri ed extramorbidi.',6.99,60,'Altri'),(90,'ALBY 1','Materiale: Pelle scamosciata\nSoletta / Plantare: Blusoft Memory\nChiusura: Lacci\nTaglie: 39/46',53,61,'Abbigliamento e Accessori'),(91,'Portabici fuoristrada Stelvio','Portabici per fuoristrada con binario, fissaggio alla ruota di scorta (attacco venduto separatamente cod. 1139894) con unico punto di ancoraggio, semplice da montare.',129.95,62,'Accessori Auto'),(92,'Ray-Ban RX6389 GENERAL','Stile, autenticità, libertà di esprimersi, qualità e funzionalità sono i valori chiave alla base della filosofia del marchio di occhiali Ray-Ban. Ray-Ban, da sempre sinonimo di alta qualità delle lenti e dei materiali, è l’occhiale da sole per eccellenza e di gran lunga il più venduto al mondo, per il suo stile e design inconfondibile.',79,63,'Abbigliamento e Accessori'),(93,'Camicia microfantasia','In cotone armaturatoApertura frontale con bottonciniManica cortaSottocollo in tessuto armaturato unitoMicrostampata',17.45,64,'Abbigliamento e Accessori'),(94,'CIRCUS\nBARATTOLO','All’immaginario del Circo Marcel Wanders dedica una collezione di oggetti colorati e festanti, come questa serie di barattoli ermetici proposti in quattro diverse dimensioni. Il corpo, realizzato in vetro, è decorato con un disegno che ricorda le giostre di un tempo; il coperchio è ornato con il tipico motivo a spicchi bianchi e rossi delle loro coperture, mentre un pomolo dorato richiama l’elemento ornamentale che si stagliava al loro centro. Un oggetto poetico e al tempo stesso funzionale, ideale per mantenere intatti gli aromi e la freschezza degli alimenti conservati.',15,65,'Arredamento e Casalinghi'),(95,'EQUILIBRIO FISIOLOGY PLUS','Regala ai tuoi momenti di relax il privilegio di un comfort sempre eccellente! Grazie ad un cuore in cui lavorano in sinergia ben 5 tipi di Myform ad altissima densità ed alla Fodera Fisiology Plus, con imbottiture differenziate sul lato estivo e sul lato invernale, EQUILIBRIO FISIOLOGY PLUS offre al tuo corpo un sostegno prezioso, una perfetta ergonomia ed una irripetibile sensazione di morbida e avvolgente accoglienza.',560,66,'Arredamento e Casalinghi'),(96,'QUADRI-GO','Questo piccolo e tenace veicolo in legno, con manubrio sterzante e grandi ruote in plastica, è perfettamente adatto al bambino da 12 mesi a 3 anni di cui sarà l`inseparabile compagno. Dimensione cm 28x41x14.',49.9,67,'Tutto per i bambini'),(97,'Charm La Mia Amica','I ragazzi passano, ma le amiche restano per sempre! Questo charm celebra l’aspetto più romantic dell’amicizia sincera con una pietra taglio ',45,68,'Abbigliamento e Accessori'),(98,'AUGUSTINE FRENCH TERRY','Casual e versatile la felpa da uomo in french terry girocollo e giromanica. Fit slim. Bordi e collo in costina. Patch logo K-Way in silicone. QR label.',64,69,'Abbigliamento e Accessori'),(99,'MacBook','Processore Intel Core m3 dual-core di settima generazione a 1,2GHz (Turbo Boost fino a 3,0GHz)\n8GB di memoria LPDDR3 a 1866MHz\nArchiviazione SSD da 256GB\nIntel HD Graphics 615\nTastiera retroilluminata - Italiano',1549,71,'Informatica'),(100,'Okomesan riso originario per sushi 1000gr.','Pacco da 1kg di riso giapponese, porzionato da Ikiya.',3.5,72,'Altri'),(101,'Bauta Basic Antiqued','Bauta Basic Antiqued',32,73,'Altri'),(102,'Colombina Oro M111','Maschera realizzata completamente a mano in cartapesta',29,74,'Altri'),(103,'Maschera topo','Maschera in cartapesta realizzata interamente a mano.\nDecorata con colori acrilici e applicazione di foglia oro,argento.',30,75,'Altri'),(104,'Aqua Marina','Un detergente per viso e corpo con i minerali delle alghe marine e una base di calamina per assorbire gli eccessi sebacei regalandoti una pelle linda e pura. Usiamo il caolino e la calamina per detergere e purificare la pelle, e aggiungiamo aloe vera per ristabilire una corretta idratazione. Il gel di muschio irlandese (un tipo di alga) fornisce vitamine e minerali rigeneranti che, uniti alla delicata azione esfoliante del sale marino, ti daranno una pelle da sirena.',10.95,77,'Altri'),(105,'LA MATTA LMV-3153','Weight	0.5 kg\nColore montatura	\nLeo/Tortoise, Tortoise/Red, Turtle/Violet Rose\n\nLens Width	\n52\n\nBridge Width	\n17\n\nTemple Length	\n135',171,78,'Abbigliamento e Accessori'),(106,'Tiramisu','Menta e Cioccolato',8.5,79,'Altri'),(107,'T-shirt fantasia','Una t-shirt pensata per valorizzare la tua bellezza: taglio originale svasato, scollo a V davanti, grande apertura da allacciare sul dorso, maniche corte con volant, fondo arrotondato, impunture.',12,80,'Abbigliamento e Accessori'),(108,'Personaggio Buzz Lightyear parlante 30 cm','Questo fantastico personaggio snodabile Buzz Lightyear è un gioco davvero spaziale! Con la tuta da astronauta e il casco retrattile, Buzz pronuncia 15 frasi del personaggio e le ali estraibili si illuminano!',35.99,81,'Tutto per i bambini'),(109,'EAU DE PARFUM 50 ML\nITINERARIO I','Un’inedita melodia annunciata dalla fresca energia del Bergamotto e dei Fiori d’Arancio, un cuore che sprigiona un’acidula nota di Vinaccioli e Spezie, per poi chiudersi con un timbro esotico dato dal Patchouli e dai leggeri sentori legnosi e ambrati.',69,82,'Altri'),(110,'Ada','Borsa da donna in vera pelle, artigianale, made in Italy.\n\nMateriale:\n\n- Pelle scamosciata;\n\n- Pelle vitello;\n\n- Foderata in raso.\n\nTracolla con catena metallica argento;\n\nPatta removibile e intercambiabile;\n\nTasca interna con zip.\n\nPossibilità di incidere il proprio nome sulla chiusura metallica\n\n',319,83,'Abbigliamento e Accessori'),(111,'MIRO’ JOAN','Litografia originale del 1975 su pregiata carta speciale d’Arte stampata da Mourlot. Mm 490X318. Tratta dalla serie di 11 litografie per il portfolio “Joan Miró Litographe II, 1953-63” pubblicato da Adrien Maeght, Paris, 1975, che illustra tutte le opere realizzate da Mirò con la tecnica litografica tra il 1953 e il 1963. Raymond Queneau (che redige la prefazione del catalogo Miró, da cui provengono le nostre opere), nel 1949, colpito dagli enigmatici geroglifici di Joan Miró, li battezzò “miroglifici”. Definendoli come un’autentica lingua, «da imparare a leggere e di cui si può redigere un di',350,85,'Collezionismo'),(112,'Anello tanzanite e diamanti','Anello in oro bianco con tanzanite e diamanti',135,86,'Abbigliamento e Accessori'),(113,'Gli Abiti Incrociati','Ho voluto creare un abito che fosse confortevole e potesse soddisfare le esigenze di più persone, che si adattasse alla tua figura, da poter realizzare nei più svariati tessuti possibili e che,cosa importantissima, avesse le tasche!\n\nGli abiti incrociati sono tutto ciò!\n\n \n\nNascono sviluppando un modello giapponese e ne riproducono l’essenzialità, che poi io di volta in volta riadatto alla mia anima Pop, andando a creare un nuovo abbinamento che possa stimolare la tua voglia di indossarlo.\n\nAlcuni li creo più minimal per soddisfare chi ama il total black, altri hanno abbinamenti a contrasto, a',76,87,'Abbigliamento e Accessori'),(114,'Blusa anni 50 - Blusa estiva - Blusa vintage ','Questa blusa anni \'50 è perfetta per un look fresco e delicato. Realizzata a mano in un tessuto naturale 100% viscosa, la fantasia è caratterizzata da un motivo floreale in stile acquerellato su fondo bianco panna. Il tessuto è arricchito da piccolissimi fiori ricamati in pizzo San Gallo. La blusa ha un colletto a punta su scollo a V per un perfetto stile d\'ispirazione retrò. La vestibilità è morbida e sono disponibili tre versioni: maniche corte (come in foto), maniche 3/4, e maniche a braccialetto. \nLa leggerezza e morbidezza del tessuto rendono questa blusa perfetta per le stagioni più cald',58.5,88,'Abbigliamento e Accessori'),(115,'Sos Mani Pulite','L’Sos Mani senza acqua o sapone è adatto a te!\n\nApplica una noce di gel sulle mani e strofina finché non si asciugano.\n\n\nNon applicare sulla pelle irritata.\n\nTestato sotto controllo dermatologico',3.95,89,'Altri'),(116,'SCARPE SK8-HI REISSUE RETRO SPORT','La Retro Sport Sk8-Hi Reissue, il leggendario modello high top Vans rilanciato con un tocco vintage, presenta una tomaia in morbida pelle scamosciata, una punta rinforzata resistente all\'usura, collo imbottito per supporto e flessibilità, e l\'originale suola waffle in gomma.',100,91,'Abbigliamento e Accessori'),(117,'T-SHIRT LONG-FIT CON TAGLI','COD. TS11800UO',7.99,92,'Abbigliamento e Accessori'),(118,'SET PORTO','Set in acacia, composto da tavolo alto quadrato 55 x 55/55 cm con piano in legno, 2 sedie',60,93,'Giardino e Fai da te'),(119,'BALENA A DONDOLO','Questa balena azzurra porta 1, 2 o 3 bambini. Struttura compatta, ideale sia per interno che per esterno. Ha grosse maniglie facili da impugnare. La base ampia offre riparo ai piedini. Da 2 anni.',59,94,'Tutto per i bambini'),(120,'ZAINO ZACK','Lo zaino sportivo Zack in tela si distingue per la straordinaria capienza e il classico stile Louis Vuitton. La pattella, la chiusura con coulisse e la fibbia di metallo, infatti, rievocano con forza molte creazioni iconiche della Maison.',1670,95,'Abbigliamento e Accessori'),(121,'Gallette di Riso senza sale 100g','Pensate per chi cerca un\'alternativa al pane, le Gallette di riso di Finestra sul Cielo sono perfette in ogni momento della giornata.\n\nGustose ma leggere, sono realizzate con riso proveniente da agricoltura biologica.\n\nLa galletta di riso, con il suo sapore neutro, è perfetta a colazione o come spuntino, spalmata con confetture, creme o miele. Provala anche come spuntino leggero o come sostituto per la base di piccoli antipasti.',1.4,96,'Altri'),(122,'RAINFOREST WINTER','Anorak\nOttoman di nylon spalmato\nTessuto traspirante MVP 3.000g/m2-24 ore\nTessuto impermeabile 2.000-5.000 mm H20\nChiusura laterale a zip\nCappuccio regolabile\nTasca a marsupio\nBordi elasticizzati\nOcchielli di aerazione\nPolsini interni',199,97,'Abbigliamento e Accessori'),(123,'FELPA ZIP E CAPPUCCIO','felpa donna a manica lunga con zip e cappuccio',19.99,98,'Abbigliamento e Accessori'),(124,'Gold Label','From the brand that symbolises everyday glamour comes a collection designed to enhance every woman\'s unique style in truly special moments. Refined and exclusive, Gold Label creations by Liu Jo dress a strong, self-confident femininity that dares to stand out and balance elegance and boldness to feel simply wonderful.',125,99,'Abbigliamento e Accessori'),(125,'Batcombe Wing','Batcombe Wing, men\'s brogues, dark tan leather - With masculine appeal thanks to the cleated rubber sole, these men\'s brogues are a great casual option for this season. The traditional broguing on the dark, tan leather upper with burnished detailing gives a vintage look and feel and the style is finished off with our Cushion Plus™ technology for unbeatable comfort.',110,100,'Abbigliamento e Accessori'),(126,'PANTALONE CROPPED IN ECOPELLE','Elisabetta Franchi propone l\'audacia del tessuto in ecopelle con le linee raffinate del taglio cropped sotto al ginocchio. Un pantalone esclusivo e chic, che renderà unici i vostri outfit per gli incontri più fashion.',210,101,'Abbigliamento e Accessori'),(127,'Zaino Michael Kors','Zaino Michael Kors',100,102,'Abbigliamento e Accessori'),(128,'Borselino Con Matita E Gomma','Borselino Con Matita E Gomma',4.9,103,'Tutto per i bambini'),(129,'Nuovo Kit Elips - Silver','Composizione kit:\n\n\n- Sigaretta completa Elips (Batteria 350 mAh effettivi, ghiera, cartuccia, testina atomizzatore, boccaglio metallico)\n- Cavo di ricarica USB - Micro USB\n- Manuale istruzioni\n\n\nLa nuova Elips è dotata di scheda elettronica avanzata che garantisce la massima protezione.\nColorazione realizzata con tecnica PVD ad alta resistenza.',29,104,'Altri'),(130,'Blusa in pizzo','Blusa dalla linea dritta in pizzo trasparente con scollo tondo e maniche lunghe con volant al fondo. Chiusura a goccia con bottone gioiello sul retro. Il modello comprende canotta abbinata in jersey.',129,105,'Abbigliamento e Accessori'),(131,'Maxi T-Shirt comfort fit','T-Shirt a righe',25,107,'Abbigliamento e Accessori'),(132,'Jeans Skinny Fit con strappi','Jeans strappati varie colorazioni',35.99,108,'Abbigliamento e Accessori'),(133,'Maglia col cappuccio','Maglia a maniche lunghe in tessuto felpato. Cappuccio foderato con coulisse, tasca a marsupio davanti. Bordi di maglina in basso e a fondo manica. Interno spazzolato.',15.99,109,'Abbigliamento e Accessori'),(134,'Camicia manica con volant e pizzo','Camicia manica con volant e pizzo',19.95,110,'Abbigliamento e Accessori'),(135,'Rowenta Air Force 360 - RH9059','Passare l\'aspirapolvere ogni giorno è il miglior modo per avere sempre la casa perfetta. Per una pulizia senza sforzo, Rowenta lancia AIR FORCE™ 360. Al tempo stesso scopa elettrica e potente aspirapolvere senza fili, questo apparecchio \"tutto in 1\" diventerà presto il tuo compagno di ogni giorno in casa. Leggero e ultra-efficiente, può essere utilizzato ogni giorno per eliminare anche la polvere che si trova nei punti di più difficile accesso!',249.9,111,'Elettrodomestici'),(136,'Cavallo Pedro con carillon Efie','Fin dal 1951, Efie realizza con cura e con amore giocattoli sicuri per la prima infanzia e per i bambini di tutte le età. I materiali impiegati sono di primissima qualità e tutte le cuciture della linea Efie vengono eseguite a mano. I cotoni utilizzati sono garantiti e privi di sostanze allergizzanti.',35,112,'Tutto per i bambini'),(137,'Zaino Per Bambini Invicta','Zaino Per Bambini Invicta',7,113,'Tutto per i bambini'),(138,'Giubbotto in denim','Giubbotto in denim con tasche. Lavaggio effetto scambiato con rotture',19.95,114,'Abbigliamento e Accessori'),(139,'BLAZER ABITO STRUTTURA BLU','BLAZER ABITO STRUTTURA BLU',99.95,116,'Abbigliamento e Accessor'),(140,'MAGLIA COLOR BLOCK','Maglia maniche lunghe in caldo tessuto misto lana mohair, leggermente garzato, finezza 14, lavorazione jacquard con giochi di color block. Girocollo a costine 2x2, finiture di fondo e polsini a costine larghe e ricciolo. Capo confortevole e particolare nella materia, facile da abbinare sia a look formali che con outfit più urban.',59,117,'Abbigliamento e Accessori'),(141,'Torta decorata','Torta decorata',35,118,'Altri'),(142,'carrellino pieghevole per canoa ,kayak','Carrellino in lega leggera anodizzata con ruote pneumatiche, progettato per il trasporto di canoe o kayak anche sulla sabbia, grazie alle ruote a larga sezione Ø mm 260x90 larghezza.',65,119,'Nautica'),(143,'SEGGIOLINO AUTO KING PENGUIN GRIGIO','Seggiolino auto Gruppo 0/1/2 (0-25 kg)- Codice PG08-K\n\nDotato di sistema di imbottitura Cuddle Me, ideato per assorbire gli urti. Cintura di sicurezza a 5 punti regolabile. Reclinabile in diverse posizioni',67,120,'Tutto per i bambini'),(144,'Zaino estensibile Frozen','Capacità 19 litri. Tasca frontale. Spallacci imbottiti e rivestiti in tessuto. Schienale preformato con fondo integrato.',19.99,122,'Tutto per i bambini'),(145,'Borsa shopper pelle','100% pelle\nPelle follata\nDoppio manico superiore\nDoppio manico corto\nCuciture decorative\nScomparto interno\nTasca interna a zip\nFodera interna\n\n58.0x38.0x28.0cm (LunghezzaxAltezzaxLarghezza)',149.99,123,'Abbigliamento e Accessori'),(146,'REGAL','Grazie alle sue 1000 molle indipendenti di nuova tecnologia Dorelan ed all’innovativa lavorazione a 7 Zone Differenziate, REGAL è in grado di offrire a lungo, notte dopo notte, un sostegno valido, personalizzato e definito ad ogni zona del corpo, poiché reagisce in maniera differenziata alle sollecitazioni ricevute.\nPer una perfetta elasticità, comfort elevato ed una piacevole sensazione di benessere ad ogni risveglio.',400,124,'Arredamento e Casalinghi'),(147,'Anello Doppio Cerchio','Anello in alluminio regolabile.\n\nSi tratta di un materiale riciclabile ed estremamente pregiato per la sua leggerezza, durezza, inossidabilità ed assenza di nichel.',15,125,'Abbigliamento e Accessori'),(148,'TIE DYE SCARF','Sciarpa',7.95,126,'Abbigliamento e Accessori'),(149,'Eko CS 5 Pack','Blister contenente: Chitarra CS-5, borsa con tracolla, pitch pipe, 3 plettri.',59,127,'Strumenti Musicali'),(150,'2750-COTU CLASSIC','La classica Superga 2750 unisex: scarpa sportiva in tela da uomo e da donna con tomaia in puro cotone extraforte sfoderato, perfettamente traspirante e suola in gomma naturale vulcanizzata. La sneaker Superga 2750 è disponibile in un’ampia cartella colori classici e di moda',59,128,'Abbigliamento e Accessori'),(151,'ZAINO UNDER ARMOUR UA OZSEE SACKPACK','Lo zaino Under Armour UA OzSee Sackpack è realizzato in tessuto resistente, per resistere all\'usura e accompagnarti durante i tuoi spostamenti quotidiani. E\' dotato di spallacci che fungono da chiusura con laccetti e clip che mantiene la stabilità sulle spalle. E\' caratterizzato dalla stampa del logo Under Armour a contrasto sul davanti e sul retro. Dimensioni: 45.5 x 35.5 x 5 cm. Capacità: 15L. Composizione: poliestere.',19.99,130,'Abbigliamento e Accessori'),(152,'Toner Prink','Toner Prink per stampati',10,132,'Altri'),(153,'Motori & Co. – Mega Truck Camion con Ribalta ','Gioca come in un vero cantiere con il grande camion con ribalta funzionante di 76 cm!',6,133,'Tutto per i bambini'),(154,'FORNO ELETTRICO','FORNI ELETTRICI PER PIZZERIA BICAMERA COMANDI ELETTROMECCANICI ',2400,134,'Attrezzature di lavoro'),(155,'BICICLETTA ALLA RICERCA DI DORY RUOTA 14','La bicicletta tratta dal film Disney Pixar Alla ricerca di Dory è una strepitosa idea regalo per tutti i bambini che amano Nemo e la sua compagna di avventure Dori!\n\nStrepitosa bici è il regalo perfetto da fare ad ogni bambino. La bicicletta di Dory è costruita in conformità alle direttive Europee da Mondo Spa, una delle aziende del settore più prestigiose in Italia. Questa bici è dotata di manubrio e sellino regolabili per seguire la crescita del bambino. Realizzata con materie prime di qualità, coloratissima e robusta, ideale per trascorrere delle bellissime giornate all\'aria aperta.\n\nCon go',114.9,135,'Tutto per i bambini'),(156,'Torte per feste','Torte di tutti i tipi per feste, matrimoni, ecc',35,136,'Altri'),(157,'Distilleria ZANIN','Vari prodotti della distilleria Zanin',40,137,'Altri'),(158,'BORSA FENDI','borsa tessuto fendi loggata 2017',350,138,'Abbigliamento e Accessori'),(159,'Abbigliamento di varie marche','Marche: Armani, Pinko, Moncler, Woolrich, ecc',50,139,'Abbigliamento e Accessori'),(160,'A-10 ','Gli amplificatori A-10 con Design Direct Energy a costruzione simmetrica offrono un suono di prima categoria e di alta qualità, ammantato di sobria eleganza tecnica.\n\nIl pannello frontale è dotato di manopole per il controllo del Volume, Bassi / Alti / Bilanciamento e la selezione delle Sorgenti d\'ingresso. I pulsanti tattili consentono di regolare con precisione l\'intensità sonora, la Modalità Direct Mode e il diffusore A/B. Il pannello posteriore consente invece il collegamento immediato dei dispositivi \'Source Direct Mode\', Aux-In, Rete, Registratore e Diffusore A+B.\n\n \n\nUno sguardo ai punt',201.54,140,'Audio/Video'),(161,'Robot aspirapolvere mod.2713 Ariete (cod.8957','-Durata ciclo di pulizia 110 minuti,\n-Tempo di ricarica:3 ore,\n-Programma AUTO: random movimenti circolari/zig zag/lungo muro,\n-Capacità serbatoio 0.3 litri,\n-Accessori:2 spazzole laterali extra,1 pennello pulizia, 1 filtro hepa extra',139.9,141,'Elettrodomestici'),(162,'Cappotto lungo','Lo stile è metropolitano, lo spirito è urban: questo cappotto è l\'ideale per i primi freddi, leggero ma non troppo! Tessuto in maglia leggermente elasticizzata. Giromanica basso. Maniche lunghe. Chiusura con bottone a pressione nascosto. Due tasche con bordino davanti. Fondo dritto.',59.95,142,'Abbigliamento e Accessori'),(163,'SSC NAPOLI T-SHIRT RAPPRESENTANZA BLU 2017/20','T-Shirt rappresentanza SSC Napoli blue marine 2017/2018. T-Shirt in single jersey, girocollo in costina, loghi ufficiali sul fronte e scritta SSC Napoli stampata sul retro. 60% cotone, 40% poliestere',35,143,'Abbigliameto e Accessori'),(164,'Orologio da parete Elegance','Dolce ed elegante come una margherita da cui trae la sua forma: l\'orologio da parete Elegance è un decoro speciale adatto ad ogni ambiente della casa per regalarle l\'incanto dello stile THUN.',96,144,'Arredamento e Casalinghi'),(165,'PELUCHE A FORMA DI TARTARUGA CON TUTU','Peluche a forma di tartaruga rosa, con grandi occhi marroni adorabili morbido e di alta qualità  indossa un tutu scintillante e un nastro organza nei capelli',12,145,'Tutto per i bambini'),(166,'MATERASSO LIBRA FRESH','Rivestito in tessuto con microcapsule all’essenza di aloe vera. Con un semplice movimento le microcapsule rilasciano le proprie virtù benefiche (antinfiammatorie, antidolorifiche, antiossidanti) influendo positivamente su alcune importanti funzioni dell’organismo e donando un profondo senso di relax e di benessere.\nImbottitura superiore in Visco Mind® Clima Fresh® che, grazie alla presenza di speciali microcapsule, mantiene costante la temperatura del prodotto, assorbendo il calore corporeo. Inoltre il trattamento Ultrafresh sfrutta la naturale capacità dell’argento di resistere alla prolifera',225,146,'Arredamento e Casalinghi'),(167,'La vita in due\nby Nicholas Sparks ','A trentaquattro anni, Russell Green ha tutto: una moglie fantastica, un\'adorabile bambina di cinque anni, una carriera ben avviata e una casa elegante a Charlotte, in North Carolina. All\'apparenza vive un sogno, ma sotto la superficie perfetta qualcosa comincia a incrinarsi. Nell\'arco di pochi mesi, Russ si trova senza moglie né lavoro, solo con la figlia London e una realtà tutta da reinventare. E se quel viaggio all\'inizio lo spaventa, ben presto il legame con London diventa indissolubile e dolcissimo, tanto da dargli una forza che non si aspettava. La forza di affrontare la fine di un matri',16.91,147,'Libri e Riviste'),(168,'BOSE\nUB-20 II Staffa da Parete/Soffitto','Staffa da parete/soffitto - In zinco fuso di alta qualità - Progettata per il montaggio a parete dei diffusori a cubetto Bose - Consentono la regolazione verticale e orizzontale dei diffusori - Compatibile con tutti i sistemi per l\'intrattenimento domestico Bose a 2 e a 5 diffusori',33.76,148,'Audio/Video'),(169,'Arredamento per negozi','Arredamneto e prodotti per negori',100,149,'Arredamento e Casalinghi'),(170,'Vans Old Skool Ii Back Black-white','Vans is the original Action Sports Footwear, Apparel and accessories Brand\nVans Promotes the action Sports Lifestyle, Youth culture & creative Self Expression through the support of athletes, Musicians & Artists\nShell: 100% poliestere, Fodera: 100% Poliestere\nBassa\nChiusura: Zip\nWipe with damp cloth\nZaino Casual\n\'Vans \"Off The Wall\" Since 66',29.75,151,'Abbigliamento e Accessori'),(171,'Casetta anna\nIdeale per il giardino','Casetta a pannelli',309,152,'Giardino e Fai da te'),(172,'Lampadario','',35,153,'Arredamento e Casalinghi'),(173,'ROAD 3','Tomaia: camoscio\nFodera: tessuto\nSottopiede: tessuto\nFondo: sintetico',29.95,154,'Abbigliamento e Accessori'),(174,'Arredamento per la casa','',300,155,'Arredamento e Casalinghi'),(175,'T-SHIRT VILLARBOIT','Cotone 100 %',19.99,156,'Abbigliamento e Accessori'),(176,'Harry Potter e la maledizione dell\'erede. Par','Harry Potter e la Maledizione dell’Erede è ufficialmente l\'ottavo libro della serie ideata da J.K. Rowling. La nuova storia viene pubblicata in Italia il 24 settembre 2016, a otto anni di distanza da quello che si credeva fosse il libro finale della serie, ossia Harry Potter e i Doni della Morte, uscito in Italia nel 2008.\n\nIn La Maledizione dell’Erede, è passato molto tempo dai giorni dei Doni della Morte: Harry Potter non è più un ragazzo ma un padre di famiglia con 3 bambini e ha un impiego, piuttosto noioso, al Ministero della Magia. A suo figlio, Albus Potter, in particolare, spetta la di',16.83,157,'Libri e Riviste'),(177,'Custodie PURO - Cover Crystal iPhone 6 - Comp','La cover Crystal, realizzata per iPhone 6 da 4.7\", si caratterizza per il back cover trasparente che permette di mantenere un profilo ultra slim, lasciando inalterato il design di casa Apple, pur garantendone una completa protezione da eventuali graffi. Resistente, elegante e dallo stile minimal, aderisce perfettamente alle forme del dispositivo.',13.9,158,'Telefonia'),(178,'Giacca Donna','Giacca in ecopello',25,159,'Abbigliamento e Accessori'),(179,'Vestito elegante','Vestito elegante donna',57,160,'Abbigliamento e Accessori'),(180,'Bicchiere “Mass”','Bicchiere per birra',10,161,'Altri'),(181,'MAXI H222','Sneakers Maxi H222 in pelle con inserti in vernice, H laterale imbottita, piccola zeppa interna e maxi wedge ultra-light. Look street e ispirazione glamour.',370,162,'Abbigliamento e Accessori'),(182,'GEDEBE','BORSA GEDEBE MINI CHELSEA IN PELLE LAMINATA ORO CON PIETRE TRASPARENTI, DETTAGLI IN ORO, CHIUSURA CON PATTA, TRACOLLA REGOLABILE E RIMOVIBILE.',406,163,'Abbigliamento e Accessori'),(183,'ASUS GeForce GTX 1080 Ti 11GB GDDR5X Pci-E 2 ','La scheda video Asus GeForce GTX 1080 Ti STRIX è l\'hardware gaming più potente ed efficiente in circolazione con 3584 core NVIDIA CUDA è fino al 35% più veloce della GeForce GTX 1080, ed è ancora più veloce nei giochi rispetto alla NVIDIA TITAN X. La scheda integra una velocissima memoria GDDR5X 11 Gbps con un frame buffer di ben 11GB. GTX 1080 Ti STRIX è stata studiata appositamente per offrire features specifiche per il mondo Gaming. Grazie alla maggior capacità di calcolo è in grado di offrire una nuova esperianza in VR ottenendo risultati fin ora ritenuti irraggiungibili. Tramite GPU Tweak',919.99,164,'Informatica'),(184,'Cellulare  NOKIA 3310 new 2017','Il mito è tornato, dal brand storico NOKIA che, a cavallo degli anni 2000 ha monopolizzato il mondo della telefonia mobile, ritorna il cellulare che era in pratica nelle tasche di tutti!! Il Nokia 3310. Caratteristiche tecniche basic ma praticità al top, nessuno smartphone potrà mai garantirti 22 ore in conversazione e 30 giorni in standby!!! E poi acquistarlo significa comprare un ricordo, un\'emozione, un pezzo di storia della telefonia. Vieni a scoprirlo da VanessaSound!!!',35,165,'Telefonia'),(185,'GISEL\nABITO IN PIZZO','COMPOSIZIONE\n45% poliestere 32% poliammide 23% cotone',398,166,'Abbigliamento e Accessori'),(186,'GIUBBINO IN DENIM IN FANTASIA POP GIULI','Impossibile resistere al fascino pop del giubbino di Camomilla: un mix di colore e di stile per un capo in denim che ti accompagnerà per tutta la stagione. Abbinalo ai pantaloni Pompeo per un total look che non passerà inosservato.',41.97,167,'Abbigliamento e Accessori'),(187,'Abbigliamento uomo/donna','Abbigliamento di varie marche',30,168,'Abbigliamento e Accessori'),(188,'Colonia del Ponte\nAcqua di Colonia del Ponte','Bouquet dallo slancio unico che parte con una nota verde ed agrumata per poi lasciare spazio ad una bracciata d’erbe che sembrano ancor fresche di rugiada: la Salvia selvatica, l’Artemisia, l’Estragone, la Lavanda delle Alte Alpi, il Lentisco si spiegano in note vive, frizzanti e vigorose. Ideale per gli sportivi, evoca con sentore originale la natura, la forma fisica, il dinamismo. Un modo fresco e stimolante di iniziare un nuovo giorno.',25.9,169,'Altri'),(189,'Aereomodello ParkMaster Pro Kit','Il modello e\' stato concepito per il volo in spazi ristretti nel parco o sul campo sportivo (naturalmente dopo aver richiesto l\'autorizzazione). Lo sviluppo e l\'ottimizzazione di questo straordinario modello sono state curate dal piu\' volte campione di volo indoor Martin Muller. Il modello, costruito interamente in materiale espanso ELAPOR, con l\'ausilio di stampi metallici d\'alta precisione, e\' estremamente robusto. Rispetto ai tipici modelli indoor (Shockflyer), il ParkMaster 3D puo\' essere impiegato anche all\'aperto con vento medio. L\'estrema stabilita\' strutturale del materiale Elapor cons',119,170,'Collezionismo'),(190,'Auricolare Nokia bluetooth bh 105','Semplice ma elegante',15,171,'Audio/Video'),(191,'Portafoto angelo','Rendi indelebile ogni momento di gioia e amore con il Portafoto Angelo. Un dolce ricordo impresso nella preziosa cornice di ceramica decorata a mano per continuare a rivivere un momento speciale.',39.9,172,'Arredamento e Casalignhi'),(192,'Abbigliamento e Accessori Uomo/Donna','Abbigliamento e Accessori Uomo/Donna',15,173,'Abbigliamento e Accessori'),(193,'FLYROAM LEATHER CHUKKA BLU NAVY UOMO','\nFlyroam Leather Chukka Blu navy Uomo\n\nTomaia in pregiato nubuk proveniente da una conceria sostenibile classificata Silver da LWG per una scarpa comoda e resistente\nFodera a trama retata comoda, traspirante e morbida in PET riciclato al 50% da bottiglie di plastica\nIl plantare OrthoLite® offre ammortizzazione e supporto\nRobusta suola ecosostenibile in gomma riciclata al 34% per un\'ottima aderenza',140,174,'Abbigliamento e Accessori'),(194,'ACER - Monitor K2 - K222HQLbd','Prestazioni eccezionali.\nPotrai svolgere al meglio le tue attività e goderti a pieno i momenti di svago, grazie al display con retroilluminazione LED. I dettagli risulteranno ancora più nitidi con la risoluzione Full HD. L\'ottima visualizzazione viene esaltata ulteriormente dai colori brillanti tramite Acer Adaptive Contrast Management.\n\nUn\'esperienza visiva confortevole.\nIl display ComfyView elimina i riflessi e offre maggior comfort per la vista, garantendo al contempo colori più luminosi e un divertimento più \"brillante\".\n\nDesign intelligente.\nRegola l\'angolazione del display K2 come prefer',99.99,175,'Informatica'),(195,'POLO IN PIQUÉ DI COTONE','Ti piacciono più colori? Allora comprali tutti! La polo è IL basic must have del guardaroba maschile, chic e confortevole...\n\n- In piqué di cotone\n- Collo con abbottonatura\n- Maniche corte\n- Lunghezza dietro 70 cm circa. \n\nIl modello porta una taglia M ed è alto 1m87. \nEsistono anche le taglie dalla 3XL alla 6XL sotto la referenza CC334 (sotto riserva di disponibilità).\n\n\nLavabile in lavatrice.',6,176,'Abbigliamento e Accessori'),(196,'Casa e arredo…','.. ovvero , come cambiare lo stile della tua casa, seguendo il ciclo delle stagioni, semplicemente cambiando dei piccoli dettagli e qualche tessuto.',25,177,'Arredamento e Casalinghi'),(197,'Gabbia Cova 55','Gabbia per uccelli',25,179,'Animali'),(198,'ROSSETTO MILANO RED','Il rossetto MILANORED vanta una formula innovativa che dona alle labbra colore intenso, comfort assoluto e idratazione fino a 10 ore*. La sua texture contiene polvere di Rubino, che amplifica il colore, e ne esalta la brillantezza, creando sulle labbra un finish luminoso. Arricchita con un agente \"filler\" a base di acido ialuronico, lascia le labbra morbide e \"rimpolpate\".*Test strumentale condotto su 30 donne. **Formulato per minimizzare il rischio di allergie.',9.9,180,'Altri'),(199,'CORNELL 5.8.77','Boxset 5lp 180gr. Rhino Rec R1557480',99.5,181,'Musica e Film'),(200,'MadiGioielli','Gioielli di varie marche',100,183,'Abbigliamento e Accessori'),(201,'LOW BRAND L1JSS173370','GIUBBINO IN TESSUTO TECNICO CON CAPPUCCIO',160,184,'Abbigliamento e Accessori'),(202,'Aceto di mele','500 ml',3,185,'Altri'),(203,'MARCELO BURLON 5207','GIUBBOTTO BIANCO CON LOGHI NERI MARCELO BURLON',219,186,'Abbigliamento e Accessori'),(204,'Bicicletta Rider','Tipo bi-ammortizzato. Telaio in acciaio tig. Guarnitura, forcella e mozzi in acciaio, ruote in alluminio. Taglia 26\'- colore verde/giallo. Freni V-Brake. 18 Velocità.\nDisponibile nei seguenti colori: Rosso/Nero.',139,187,'Biciclette'),(205,'Abito gonna pieghe ','Abito lungo (sopra alla caviglia)\nLunghezza abito 125 cm\nTessuto tipo seta\nCon cintura fiocco in vita\nTG UNICA, veste da una tg 38 a una tg 44\nOttima qualità, vestibilità perfetta\nFondo abito verde scuro con fiori blu, bianchi rossi e beige.',45,188,'Abbigliamento e Accessori '),(206,'MONOPOLY JUNIOR','MONOPOLY Junior permette anche ai più piccoli di vivere tutte le emozioni di una vera partita a MONOPOLY! Questa nuova versione del gioco di contrattazione più famoso del mondo coinvolge i bambini in un fantastico viaggio fra le vie di una città a misura di bambino, colorata, simpatica e moderna: dallo zoo alla piscina, dal cinema al bowling, tutto è ricostruito per attrarre giovani monopolisti da 5 anni in su. La confezione contiene 4 pedine classiche di MONOPOLY nella loro versione Junior, così com’erano prima di diventare grandi: un tenero gattino, un affettuoso cagnolino, una potente coraz',22.49,189,'Tutto per i bambini'),(207,'Collezione Damigielle 2018','',135,190,'Abbigliamento e Accessori'),(208,'Stringata Borgo Mediceo','Francesine da uomo Borgo Mediceo con tomaia in pelle spazzolata, punta tonda e suola in cuoio. Modello elegante disponibile nei colori blu e cuoio.',55,191,'Abbigliamento e Accessori'),(209,'Scarpe Clarks','',35,192,'Abbigliamento e Accessori'),(210,'PROFUMAZIONE AUTO VANIGLIA - TAVOLA SPA','ARBRE MAGIQUE, PROFUMAZIONE VANIGLIA, CONF 3 PZ - TAVOLA SPA',5.25,193,'Accessori Auto'),(211,'Maglia girocollo','Pull girocollo melange\nRifinito con cuciture a rovescio\nColletto a rullino\nMaglia rasata',39.99,194,'Abbigliamento e Accessori'),(212,'Seggiolino Chicco','Seggiolino auto',45,195,'Accessori Auto'),(213,'Spolverino','Spolverino lungo sfoderato con bavero senza bottoni. Maniche con risvolto.',25,196,'Abbigliamento e Accessori'),(214,'Mela e Spezie - Diffusore di fragranza (100 m','Diffonde in ogni ambiente una meravigliosa fragranza di Mela e Spezie: effluvi dolci e invitanti per una casa che si veste di incantevole magia. Da usare in ogni ambiente per vestirlo di felicità e dolcezza.',16.99,198,'Arredamento e Casalinghi'),(215,'SNEAKERS UOMO ATLETICO','Sneakers Atletico da uomo dal design classico e senza tempo. La tomaia nera con inserti in pelle sintetica scamosciata tono su tono dono versatilità al modello rendendolo facile da abbinare ai diversi outfit della settimana. La soletta in pelle favorisce la traspirabilità del piede, mentre la linguetta imbottita e la suola in gomma ne assicurano il comfort.',59.99,199,'Abbigliamento e Accessori'),(216,'EKO RANGER 6 BROWN SUNBURST','Ranger è sicuramente la parola che risuona maggiormente nella storia Eko e che ha contribuito ad affermarlo come marchio a livello europeo. Nata con il nome J-52 questa chitarra viene ogni volta aggiornata e migliorata fino ad arrivare alle versioni J-54 (6 corde) e J-56 (12 corde) che nel 1967 vengono nominate rispettivamente Ranger VI e Ranger XII. Famose per l\'ottimo rapporto qualità prezzo e per la loro indistruttibilità sono presenti ancora oggi nelle case di molti chitarristi, magari in un angolo del salotto come oggetto di arredo.\n\nQuesta versione è caratterizzata dal classico shape Dre',79,201,'Strumenti Musicali'),(217,'BOREALIS CLASSIC','Zaino The North Face BOREALIS CLASSIC - 29 litri - Scomparto principale con porta pc - Schienale traspirante - Ideale per tempo libero, viaggi ed escursioni',59.99,202,'Sports'),(218,'Maglia maniche lunghe SPORTY','Maglia maniche lunghe SPORTY',7.99,203,'Abbigliamento e Accessori');
/*!40000 ALTER TABLE `PRODUCTS` ENABLE KEYS */;
UNLOCK TABLES;

--
-- Table structure for table `REVIEWS`
--

DROP TABLE IF EXISTS `REVIEWS`;
/*!40101 SET @saved_cs_client     = @@character_set_client */;
/*!40101 SET character_set_client = utf8 */;
CREATE TABLE `REVIEWS` (
  `id` int(11) NOT NULL,
  `rate` int(11) NOT NULL,
  `name` varchar(45) DEFAULT NULL,
  `description` varchar(600) DEFAULT NULL,
  `id_product` int(11) NOT NULL,
  `id_creator` int(11) NOT NULL,
  `date_creation` datetime NOT NULL DEFAULT CURRENT_TIMESTAMP,
  PRIMARY KEY (`id`),
  KEY `idCreatorReviews_idx` (`id_creator`),
  KEY `idProductReviews_idx` (`id_product`),
  CONSTRAINT `idCreatorReviews` FOREIGN KEY (`id_creator`) REFERENCES `USERS` (`id`) ON DELETE NO ACTION ON UPDATE NO ACTION,
  CONSTRAINT `idProductReviews` FOREIGN KEY (`id_product`) REFERENCES `PRODUCTS` (`id`) ON DELETE NO ACTION ON UPDATE NO ACTION
) ENGINE=InnoDB DEFAULT CHARSET=latin1;
/*!40101 SET character_set_client = @saved_cs_client */;

--
-- Dumping data for table `REVIEWS`
--

LOCK TABLES `REVIEWS` WRITE;
/*!40000 ALTER TABLE `REVIEWS` DISABLE KEYS */;
INSERT INTO `REVIEWS` VALUES (1,5,'Mattia','Bel Telefono',1,1,'2017-02-05 15:35:37'),(2,4,'Nicholas','Ottimo telefono',1,1,'2017-05-05 15:35:37'),(3,4,'Mario','Bellissima chitarra',5,1,'2017-01-05 15:35:37'),(4,2,'Mario','Prezzo troppo alto',5,1,'2017-06-05 15:35:37'),(5,5,'Lucia','Molto comodo',17,1,'2017-02-04 15:35:37'),(6,2,'Giulia','Scomodi',14,1,'2017-08-08 15:35:37'),(7,5,'Matteo','Molto bello',23,1,'2017-03-09 15:35:37'),(8,4,'Giovanni','Belle scarpe',15,1,'2017-02-10 15:35:37'),(9,3,'Mattia','Bello',23,1,'2017-03-30 15:35:37'),(10,4,'Nicola','Divertente',27,1,'2017-03-03 15:35:37'),(11,3,'Mario','Comoda',12,1,'2017-04-15 15:35:37'),(12,3,'Antonio','Pensavo meglio',2,1,'2017-08-05 15:35:37'),(13,4,'Giacomo','Buona chitarra',7,1,'2017-05-13 17:56:37'),(14,1,'Alessio','Pessima cuffia',18,1,'2017-07-25 12:46:37'),(15,5,'Alessia','Ottimo',21,1,'2017-08-12 23:26:37'),(16,4,'Maria','Molto bello',21,1,'2017-08-10 11:26:37'),(17,4,'Lorenzo','Buon telefono',2,1,'2017-08-03 15:35:37'),(18,5,'Maria','Ottimo cellulare',3,1,'2017-08-03 15:35:37'),(19,5,'Martina','Bellissimo',3,1,'2017-08-03 15:35:37'),(20,5,'Carlo','Ottimo',4,1,'2017-08-03 15:35:37'),(21,1,'Paolo','Pessimo telefono',4,1,'2017-08-03 15:35:37'),(22,4,'Paola','Funziona molto bene',6,1,'2017-08-03 15:35:37'),(23,4,'Stefano','Molto comodo',8,1,'2017-08-03 15:35:37'),(24,5,'Lorenzo','Comodo e molto bello',9,1,'2017-08-03 15:35:37'),(25,3,'Alessia','Pensavo meglio',10,1,'2017-08-03 15:35:37'),(26,1,'Antonio','Pessimo giubbotto',10,1,'2017-08-03 15:35:37'),(27,4,'Giuseppe','Alla moda',13,1,'2017-08-03 15:35:37'),(28,2,'Carla','Diversi dalla descrizione',14,1,'2017-08-03 15:35:37'),(29,4,'Marco','Molto belli',14,1,'2017-08-03 15:35:37'),(30,3,'Marco','Carini ma speravo meglio',14,1,'2017-08-03 15:35:37'),(31,4,'Lorenzo','Molto comode',15,1,'2017-08-03 15:35:37'),(32,3,'Nicholas','Funziona abbastanza bene',19,1,'2017-08-03 15:35:37'),(33,5,'Giuseppe','Bellissimo',24,1,'2017-08-03 15:35:37'),(34,3,'Mattia','Pensavo meglio',24,1,'2017-08-03 15:35:37'),(35,3,'Matteo ','Prezzo troppo alto',25,1,'2017-08-03 15:35:37'),(36,5,'Paola','Ottimo televisore',25,1,'2017-08-03 15:35:37'),(37,4,'Valentina','Molto bello',25,1,'2017-08-03 15:35:37'),(38,4,'Cristina','Molto divertente',26,1,'2017-08-03 15:35:37'),(39,4,'Katia','Molto divertente',27,1,'2017-08-03 15:35:37'),(40,2,'Giancarlo','Speravo meglio',19,1,'2017-08-03 15:35:37'),(41,5,'Chiara','Comodissime',28,1,'2017-08-22 16:24:42'),(42,3,'Lorenzo','Pensavo meglio',29,1,'2017-08-22 16:24:42'),(43,3,'Giovanni','Comoda',30,1,'2017-08-28 14:38:53'),(44,1,'Giovanna','Brutta',30,1,'2017-08-28 14:38:53'),(45,5,'Luca','Molto bello e comodo',31,1,'2017-08-28 14:38:53'),(46,2,'Mario','Scomodo',31,1,'2017-08-28 14:38:53'),(47,4,'Maria','Bello',32,1,'2017-08-28 14:38:53'),(48,4,'Giuseppe','Comodo',32,1,'2017-08-28 14:38:53'),(49,4,'Carla','Comoda',33,1,'2017-08-28 14:38:54'),(50,2,'Carlo','Poco comoda',33,1,'2017-08-28 14:38:54'),(51,5,'Giulia','Bello e comodo',34,1,'2017-08-28 14:38:54'),(52,4,'Giulio','molto bello',34,1,'2017-08-28 14:38:54'),(53,2,'Marco','scomodo',35,1,'2017-08-28 14:38:54'),(54,2,'Alice','brutto',35,1,'2017-08-28 14:38:54'),(55,4,'Francesca','bello',36,1,'2017-08-28 14:38:54'),(56,5,'Francesco','bellissimo',36,1,'2017-08-28 14:38:54'),(57,5,'Maria','molto divertente',37,1,'2017-08-28 14:38:54'),(58,3,'Alessio','speravo meglio',37,1,'2017-08-28 14:38:54'),(59,5,'Alessia','molto bello',38,1,'2017-08-28 14:38:55'),(60,4,'Lorenzo','divertente',38,1,'2017-08-28 14:38:55'),(61,5,'Davide','ottimo',39,1,'2017-08-28 14:38:55'),(62,4,'Martina','funziona bene',39,1,'2017-08-28 14:38:55'),(63,5,'Elisa','buonissima',40,1,'2017-08-28 14:38:55'),(64,4,'Arianna','molto buona',40,1,'2017-08-28 14:38:55'),(65,4,'mario','buona',41,1,'2017-08-30 17:53:51'),(66,4,'mario','buono',42,1,'2017-08-30 17:53:51'),(67,2,'mario','brutta',43,1,'2017-08-30 17:53:51'),(68,5,'mario','bellissima',44,1,'2017-08-30 17:53:51'),(69,4,'mario','bella',45,1,'2017-08-30 17:53:52'),(70,5,'mario','molto comoda',46,1,'2017-08-30 17:53:52'),(71,2,'matteo','scomoda',47,1,'2017-08-30 17:53:52'),(72,4,'alessio','funziona bene',48,1,'2017-08-30 17:53:52'),(73,4,'maria','funziona bene',49,1,'2017-08-30 17:53:52'),(74,4,'mario','comoda',50,1,'2017-08-30 17:53:52'),(75,2,'antonio','brutti',51,1,'2017-08-30 17:53:52'),(76,5,'sara','ottima',52,1,'2017-08-30 17:53:52'),(77,3,'mario','comodo',53,1,'2017-08-30 17:53:52'),(78,5,'mario','bellissimo',54,1,'2017-08-30 17:53:53'),(79,4,'mario','bello',55,1,'2017-08-30 17:53:53'),(80,3,'mario','pensavo meglio',56,1,'2017-08-31 09:17:13'),(81,4,'mattia','belle',57,1,'2017-08-31 09:17:13'),(82,3,'carla','bello',58,1,'2017-08-31 09:17:13'),(83,2,'carlo','funziona male',59,1,'2017-08-31 09:17:13'),(84,1,'giovanni','brutti',60,1,'2017-08-31 09:17:13'),(85,4,'matteo','comodo',61,1,'2017-08-31 09:17:13'),(86,4,'elisa','bello',62,1,'2017-08-31 09:17:13'),(87,1,'alessia','scomoda',63,1,'2017-08-31 09:17:14'),(88,5,'sandro','buoni',64,1,'2017-08-31 09:17:14'),(89,1,'marco','sconsiglio',65,1,'2017-08-31 09:17:15'),(90,4,'ilaria','bella',66,1,'2017-08-31 09:17:15'),(91,4,'sara','bello',67,1,'2017-08-31 09:17:15'),(92,2,'giulia','scomoda',68,1,'2017-08-31 09:17:15'),(93,4,'sofia','comode',69,1,'2017-08-31 09:17:15'),(94,4,'giulio','buono',70,1,'2017-08-31 09:17:15'),(95,5,'carlo','molto buona',71,1,'2017-08-31 09:17:15'),(96,4,'giuseppe','comoda',72,1,'2017-08-31 09:17:16'),(97,2,'maria','brutta',73,1,'2017-08-31 09:17:16'),(98,3,'maria','buona',74,1,'2017-08-31 09:17:16'),(99,4,'maria','lo consiglio',75,1,'2017-08-31 09:17:16'),(100,5,'mario','buona',76,1,'2017-08-31 09:17:16'),(101,1,'aldo','brutta',77,1,'2017-08-31 09:17:16'),(102,5,'sara','ottimo',78,1,'2017-08-31 09:17:16'),(103,4,'sara','fatto bene',79,1,'2017-08-31 09:17:16'),(104,2,'elisa','scomodo',80,1,'2017-08-31 09:17:16'),(105,3,'marco','bello',81,1,'2017-08-31 09:17:16'),(106,4,'giovanna','lo consiglio',82,1,'2017-08-31 09:17:17'),(107,5,'eleonora','molto bello',83,1,'2017-08-31 09:17:17'),(108,3,'lisa','bello',84,1,'2017-08-31 09:17:17'),(109,4,'carlo','comode',85,1,'2017-08-31 09:17:17'),(110,3,'nicholas','buona',86,1,'2017-08-31 09:17:17'),(111,2,'mario','brutto',87,1,'2017-08-31 09:17:17'),(112,2,'mario','brutto',88,1,'2017-08-31 09:17:17'),(113,1,'maria','non la consiglio',89,1,'2017-08-31 09:17:17'),(114,4,'sara','consiglio',90,1,'2017-08-31 09:17:17'),(115,4,'giovanni','funziona bene',91,1,'2017-08-31 09:17:18'),(116,4,'marco','belli',92,1,'2017-08-31 09:17:18'),(117,2,'luca','brutta',93,1,'2017-08-31 09:17:18'),(118,3,'nicola','belli',94,1,'2017-08-31 09:17:18'),(119,2,'mario','sconsiglio',95,1,'2017-08-31 09:17:18'),(120,5,'mario','bello',96,1,'2017-08-31 09:17:18'),(121,4,'mario','bello',97,1,'2017-08-31 09:17:18'),(122,3,'maria','comoda',98,1,'2017-08-31 09:17:18'),(123,5,'maria','bellissimo',99,1,'2017-08-31 09:17:18'),(124,1,'maria','bassa qualità',100,1,'2017-08-31 09:17:18'),(125,3,'maria','bella',101,1,'2017-08-31 09:32:09'),(126,2,'mario','brutta',102,1,'2017-08-31 09:32:10'),(127,2,'sara','brutta',103,1,'2017-08-31 09:32:10'),(128,4,'giovanni','consiglio',104,1,'2017-08-31 09:32:10'),(129,4,'franco','bello',105,1,'2017-08-31 09:32:10'),(130,4,'damiano','buono',106,1,'2017-08-31 09:32:10'),(131,4,'davide','bella',107,1,'2017-08-31 09:32:10'),(132,4,'marco','bello',108,1,'2017-08-31 09:32:10'),(133,1,'andrea','sconsiglio',109,1,'2017-08-31 09:32:10'),(134,5,'martina','bella',110,1,'2017-08-31 09:32:10'),(135,5,'giulia','bellissima',111,1,'2017-08-31 09:32:11'),(136,4,'giulio','bello',112,1,'2017-08-31 09:32:11'),(137,2,'valentina','scomodo',113,1,'2017-08-31 09:32:11'),(138,2,'alessandro','brutta',114,1,'2017-08-31 09:32:11'),(139,3,'carla','funziona',115,1,'2017-08-31 09:32:11'),(140,2,'carlo','scomode',116,1,'2017-08-31 09:32:11'),(141,4,'sara','bella',117,1,'2017-08-31 09:32:11'),(142,5,'mattia','bello',118,1,'2017-08-31 09:32:11'),(143,4,'antonio','bella',119,1,'2017-08-31 09:32:11'),(144,4,'alessio','bello',120,1,'2017-08-31 09:32:11'),(145,4,'antonio','buone',121,1,'2017-08-31 09:44:11'),(146,3,'alessio','bello',122,1,'2017-08-31 09:44:11'),(147,4,'mattia','comoda',123,1,'2017-08-31 09:44:11'),(148,2,'nicholas','sconsiglio',124,1,'2017-08-31 09:44:11'),(149,2,'nicholas','sconsiglio',125,1,'2017-08-31 09:44:11'),(150,1,'maria','scomodo',126,1,'2017-08-31 09:44:11'),(151,3,'mario','bello',127,1,'2017-08-31 09:44:11'),(152,4,'mario','bello',128,1,'2017-08-31 09:44:11'),(153,1,'sara','sconsiglio',129,1,'2017-08-31 09:44:11'),(154,4,'marco','bella',130,1,'2017-08-31 09:44:12'),(155,5,'marco','bella',131,1,'2017-08-31 09:44:12'),(156,5,'giovanni','belli',132,1,'2017-08-31 09:44:12'),(157,2,'carla','brutta',133,1,'2017-08-31 09:44:12'),(158,3,'carlo','bella',134,1,'2017-08-31 09:44:12'),(159,5,'sara','ottima',135,1,'2017-08-31 09:44:12'),(160,4,'giulia','bello',136,1,'2017-08-31 09:44:12'),(161,1,'giulio','brutto',137,1,'2017-08-31 09:44:12'),(162,3,'maria','comodo',138,1,'2017-08-31 09:44:12'),(163,2,'mario','brutto',139,1,'2017-08-31 09:44:12'),(164,1,'mario','brutta',140,1,'2017-08-31 09:44:13'),(165,4,'carlo','buona',141,1,'2017-08-31 09:51:45'),(166,3,'sara','comodo',142,1,'2017-08-31 09:51:45'),(167,4,'arianna','comodo',143,1,'2017-08-31 09:51:45'),(168,1,'marianna','brutto',144,1,'2017-08-31 09:51:45'),(169,2,'martina','brutta',145,1,'2017-08-31 09:51:45'),(170,2,'eleonora','scomodo',146,1,'2017-08-31 09:51:45'),(171,1,'lisa','brutto',147,1,'2017-08-31 09:51:46'),(172,3,'elisa','bella',148,1,'2017-08-31 09:51:46'),(173,4,'andrea','bella',149,1,'2017-08-31 09:51:46'),(174,5,'andrea','comoda',150,1,'2017-08-31 09:51:46'),(175,4,'giuseppe','consiglio',151,1,'2017-08-31 09:51:46'),(176,2,'carlo','sconsiglio',152,1,'2017-08-31 09:51:46'),(177,4,'maria','divertente',153,1,'2017-08-31 09:51:46'),(178,4,'mario','funziona bene',154,1,'2017-08-31 09:51:46'),(179,1,'sofia','brutta',155,1,'2017-08-31 09:51:46'),(180,5,'sara','buone',156,1,'2017-08-31 09:51:47'),(181,5,'giulio','molto buoni',157,1,'2017-08-31 09:51:47'),(182,2,'giulia','brutta',158,1,'2017-08-31 09:51:47'),(183,4,'carlo','consiglio',159,1,'2017-08-31 09:51:47'),(184,4,'nicholas','consiglio',160,1,'2017-08-31 09:51:47');
/*!40000 ALTER TABLE `REVIEWS` ENABLE KEYS */;
UNLOCK TABLES;

--
-- Table structure for table `SHOPS`
--

DROP TABLE IF EXISTS `SHOPS`;
/*!40101 SET @saved_cs_client     = @@character_set_client */;
/*!40101 SET character_set_client = utf8 */;
CREATE TABLE `SHOPS` (
  `id` int(11) NOT NULL AUTO_INCREMENT,
  `name` varchar(45) DEFAULT NULL,
  `description` varchar(600) DEFAULT NULL,
  `web_Site_Url` varchar(150) DEFAULT NULL,
  `address` varchar(200) DEFAULT NULL,
  `rate` int(11) DEFAULT NULL,
  `id_Owner` int(11) DEFAULT NULL,
  `id_Creator` int(11) DEFAULT NULL,
  PRIMARY KEY (`id`),
  KEY `id_Owner_idx` (`id_Owner`),
  KEY `id_Creator_idx` (`id_Creator`),
  CONSTRAINT `id_Creator` FOREIGN KEY (`id_Creator`) REFERENCES `USERS` (`id`) ON DELETE NO ACTION ON UPDATE NO ACTION,
  CONSTRAINT `id_Owner` FOREIGN KEY (`id_Owner`) REFERENCES `USERS` (`id`) ON DELETE NO ACTION ON UPDATE NO ACTION
) ENGINE=InnoDB AUTO_INCREMENT=204 DEFAULT CHARSET=latin1;
/*!40101 SET character_set_client = @saved_cs_client */;

--
-- Dumping data for table `SHOPS`
--

LOCK TABLES `SHOPS` WRITE;
/*!40000 ALTER TABLE `SHOPS` DISABLE KEYS */;
INSERT INTO `SHOPS` VALUES (1,'MediaWorld Trento','Media Markt è una catena di distribuzione tedesca specializzata nell\'elettronica e negli elettrodomestici di consumo. In tutti i paesi l\'insegna è Media Markt, con l\'eccezione dell\'Italia, dove viene usato Media World.','http://www.mediaworld.it','Via Brennero. 282, Freestand, 38121 Trento TN',5,9,1),(2,'Trony Trento','Trony è una catena italiana di negozi specializzati nella vendita di elettrodomestici, prodotti di elettronica di consumo, di informatica e telefonia. Trony è un gruppo formato da 18 soci, distribuiti su tutto il territorio nazionale, che comprende complessivamente 215 punti vendita. I collaboratori ammontano a circa 2500 unità.','http://trony.it','Bren Center, Centro commerciale Bren Center, Via Giovanni Battista Trener, 16, 38121 Trento TN',5,6,1),(3,'Esse Music Store','Molto più di uno store online, molto più di un negozio fisico, una vera e propria realtà musicale nata da musicisti per i musicisti, che fin dalla metà degli anni 80 si è imposta come uno dei più importanti megastore di riferimento. Oltre alla vendita di chitarre, bassi, batterie, tastiere, amplificatori, console da dj, studio e home recording, impianti audio, luci, forniture per concerti ed eventi, spartiti libri e gadget, organizziamo nel nostro negozio, clinic di grandi artisti, concerti, demo, workshop e molto altro. ','https://www.essemusic.it/','Via Piave, 110, 31044 Montebelluna TV',0,9,1),(4,'Coin Treviso','Il department store italiano dell\'abbigliamento, home decoration, bambino, accessori, intimo, profumeria e beauty.','http://www.coin.it/','Corso del Popolo, 42, 31100 Treviso TV',4,6,1),(5,'Replay','Jeans, T-shirt, Camicie, Maglioni e molti altri prodotti!','https://www.replayjeans.com/it/','Merceria del Capitello, 4856-4857, 30100 Venezia VE',4,6,1),(6,'Foot Locker Trento','Catena di negozi a marchio proprio con scarpe, abbigliamento e accessori sportivi per uomo, donna e bambino.','https://www.footlocker.it','Via Giannantonio Manci, 7/9, 38122 Trento TN',4,6,1),(7,'Metro','Da METRO Cash&Carry Italia trovi all\'ingrosso prodotti Food e No Food per la tua attività professionale.','https://www.metro.it','Via Ezio Maccani, 112, 38121 Trento TN',5,6,1),(8,'Poltronesofà','Per rendere ancora più completo il nostro servizio, ti accompagniamo nell\'acquisto mettendo a tua completa disposizione una squadra di arredatori pronti a darti una consulenza nella scelta del tuo divano. Otterrai così la migliore soluzione per le tue esigenze. Ti sentirai coccolato dal primo momento in cui metterai piede in negozio fino a quando il tuo nuovo divano arricchirà il tuo soggiorno. E allora non ci resta che dirti: ti aspettiamo da poltronesofà!','www.poltronesofa.com/it-it/','Via Giambattista Unterveger, 8, 38121 Trento TN',4,6,1),(9,'Calzedonia','Visita il sito ufficiale Calzedonia: Calze, Collant, Leggings e Costumi. Scopri le collezioni Calzedonia per Donna, Uomo e Bambino.','https://it.calzedonia.com/','Via Brennero 320, presso C. Comm.le Top Center, 38121 Trento TN',3,6,1),(10,'GameStop','Usato garantito, massima sicurezza. Acquista online ed approfitta delle offerte sui migliori videogiochi nuovi e usati per Nintendo 3DS, Switch, PS3, PS4, Xbox ...','https://www.gamestop.it/','Via Brennero, 320, Centro Comm. Top Center, 38100 Trento',5,6,1),(11,'Conad','Conad, acronimo di Consorzio Nazionale Dettaglianti, è una società cooperativa attiva nella grande distribuzione organizzata.','www.conad.it/','Via Torre Verde, 26, 38122 Trento TN',2,6,1),(12,'Dorigoni','Scegli la nostra concessionaria Porsche, Audi, Volkswagen, ŠKODA, SEAT a Trento e Rovereto. Auto nuove e usate. Veicoli commerciali Volkswagen e officina!','www.dorigoni.com/','Via di S. Vincenzo, 42, 38123 Trento TN',3,9,1),(13,'Eurobrico','Scopri le offerte Eurobrico per l\'arredo casa e il fai da te. Dal bricolage all\' arredo bagno con sconti online o in negozio!','https://www.eurobrico.com','Via Giuseppe Giusti, 40, 38122 Trento TN',4,6,6),(14,'OBI','Negozio di bricolage a Bolzano, Italia','http://www.obi-suedtirol.com/obi-bozen.html','Via Copernico, 15, 39100 Bolzano BZ',1,6,6),(15,'Sportler','Negozio di articoli per sport all\'aria aperta a Trento, Italia','http://my.sportler.com/','Via Mantova, 12, 38100 Trento TN',2,6,6),(16,'RealPro','Agenti immobiliari a Bolzano, Italia','http://www.realpro.it/it/','Viale Duca d\'Aosta, 87, 39100 Bolzano BZ',3,6,6),(17,'Decathlon','Negozio di articoli sportivi a Bolzano, Italia','http://decathlon-bolzano-bozen.business.site/','Via G. Galilei, 20, 39100 Bolzano BZ',4,6,6),(18,'Salewa','Negozio di articoli sportivi in Italia','http://www.salewa.it/','Via Waltraud-Gebert-Deeg, 4, 39100 Bolzano BZ',5,6,6),(19,'Wind','Negozio di telefoni cellulari a Bolzano, Italia','https://www.wind.it/','Via Johann Wolfgang von Goethe, 44, 39100 Bolzano BZ',1,6,6),(20,'Prenatal','Negozio di articoli per bambini a Bolzano, Italia','https://www.prenatal.com/it_it/','Via dei Bottai, 7, 39100 Bolzano BZ',2,6,6),(21,'La culla','Via Maso della Pieve, 50, 39100 Bolzano BZ','http://www.laculla.com/','Via Maso della Pieve, 50, 39100 Bolzano BZ',3,6,6),(22,'Eco Store','Negozio di forniture per ufficio a Bolzano, Italia','http://www.ecostore.it/','Via Roma, 15/D, 39100 Bolzano BZ',4,6,6),(23,'Ottica Demenego','Ottico a Bolzano, Italia','http://www.demenego.it/it/index.aspx','Via Palermo, 9, 39100 Bolzano BZ',5,6,6),(24,'Hein-Gericke','Negozio di ricambi per motociclette a Bolzano, Italia','https://www.hein-gericke.de/','Via Maso della Pieve, 4, 39100 Bolzano BZ',1,6,6),(25,'Leonardelli','Negozio di elettronica a Rovereto, Italia','https://www.leonardelli.it/','Corso Antonio Rosmini, 76, 38068 Rovereto TN',2,6,6),(26,'Scout','Negozio di abbigliamento a Rovereto, Italia','http://www.scout.it/','Via Felice e Gregorio Fontana, 7, 38068 Rovereto TN',3,6,6),(27,'UniEuro','Negozio di elettronica a Rovereto, Italia','https://www.unieuro.it/','Rover Center, Viale del Lavoro, 18, 38068 Rovereto TN',4,6,6),(28,'GameStop','Catena di rivenditori di videogiochi nuovi e usati, console, controller e accessori.','https://www.gamestop.it/','Via del Garda, 167, Centro Comm. Millenium, 38068 Rovereto TN',5,6,6),(29,'Diapason Music Point','Negozio di musica e dischi a Rovereto, Italia','https://www.diapasonmusicpoint.com/','Via Gerolamo Tartarotti, 8, 38068 Rovereto TN',1,6,6),(30,'Makalù','Negozio di articoli sportivi a Rovereto, Italia','http://www.makalu.it/','Corso Bettini, 29, 38068 Rovereto TN',2,6,6),(31,'Calzedonia','Negozio di intimo a Rovereto, Italia','https://it.calzedonia.com/','Centro Commerciale Millennium Center, Via del Garda, 175, 38068 Rovereto TN',3,6,6),(32,'Poli','Negozio di alimentari a Rovereto,Italia','http://www.gruppopoli.it/','Via Craffonara, 24, 38068 Rovereto TN',4,6,6),(33,'Kiko','Negozio di cosmetici a Rovereto, Italia','http://www.kikocosmetics.com/it-it/','Centro Commerciale Millennium Center, Via del Garda, 175, 38068 Rovereto TN',5,6,6),(34,'Cisalfa','Negozio di articoli sportivi a Rovereto, Italia','http://www.cisalfasport.it/','Via G. Tacchi, 1, 38068 Rovereto TN',1,6,6),(35,'Sembenini Dainese Proshop','Negozio di abbigliamento sportivo a Riva del Garda, Italia','http://shop.sembenini.it/','Viale S. Francesco, 37, 38066 Riva del Garda TN',2,6,6),(36,'Intimissimi','Negozio di intimo a Riva del Garda, Italia','https://it.intimissimi.com/','Viale Dante Alighieri, 28, 38066 Riva del Garda TN',3,6,6),(37,'Calzedonia','Negozio di intimo a Riva del Garda, Italia','https://it.calzedonia.com/','Viale Dante Alighieri, 19, 38066 Riva del Garda TN',4,6,6),(38,'North Lake Shop','Negozio di abbigliamento a Riva del Garda, Italia','http://www.northlakeshop.it/','Viale Rovereto, 11, 38066 Riva del Garda TN',5,6,6),(39,'Agraria Riva del Garda','Azienda vinicola','http://www.agririva.it/','Via S. Nazzaro, 4, 38066 Riva del Garda TN',1,6,6),(40,'Revue','Boutique a Riva del Garda, Italia','https://www.facebook.com/revueboutique/?ref=ts&fref=ts','Viale Dante Alighieri, 51, 38066 Riva del Garda TN',2,6,6),(41,'Delirivm Tremens','Negozio di vini','https://www.delirivmtremens.com/','Viale Rovereto, 78, 38066 Riva del Garda TN',3,6,6),(42,'Cisalfa Sport','Negozio di abbigliamento sportivo a Riva del Garda, Italia','http://www.cisalfasport.it/','Centro Commerciale Blue Garden, Viale Rovereto, 38066 Riva del Garda TN',4,6,6),(43,'Elite sport Riva del Garda','Negozio di articoli sportivi a Riva del Garda, Italia','http://www.elitesportriva.it/','Viale Rovereto, 3/B, 38066 Riva del Garda TN',5,6,6),(44,'Consumatori Alto Garda Soc.Coop.R.L.','Associazione o organizzazione','http://www.coopaltogarda.it/','Piazzale Mimosa, 38066 Riva del Garda TN',1,7,7),(45,'L\'Isola Dei Tesori','Negozio per animali a Bressanone, Italia','https://www.isoladeitesori.it/','Via Vittorio Veneto, 27, 39042 Bressanone BZ',2,7,7),(46,'Despar','Alimentari','http://www.despar.it/','39042, Via Bastioni Minori, 4, Bressanone BZ',3,7,7),(47,'Tezenis','Negozio di intimo a Bressanone, Italia','https://it.tezenis.com/','Via Mercato Vecchio, 39042 Bressanone BZ',4,7,7),(48,'Pro Natura','Negozio','https://pronatura-bioshop.com/','Via Fienili, 6/B, 39042 Bressanone BZ',5,7,7),(49,'Jungmann','Negozio di mobili a Bressanone, Italia','http://www.jungmann.it/einrichtungspartner/index.html','Vittorio-Veneto-Straße 65, 39042 Brixen, BZ',1,7,7),(50,'MAX&Co. Bressanone','Negozio di abbigliamento donna a Bressanone, Italia','https://it.maxandco.com/store/0125005','Via Bastioni Maggiori, 21, 39042 Bressanone BZ',2,7,7),(51,'Maximilian Srl','Boutique a Bressanone, Italia','https://www.maximilian.it/it/','Via Julius Durst, 44, 39042 Bressanone BZ',3,7,7),(52,'Elektro Reichhalter Karl Snc','Negozio di elettrodomestici a Bressanone, Italia','http://www.reichhalter.it/it.html','Via Vittorio Veneto, 55, 39042 Bressanone BZ',4,7,7),(53,'Vodafone','Negozio di telefoni cellulari a Bressanone, Italia','https://www.vodafone.it/','Via Dante, 26, 39042 Bressanone BZ',5,7,7),(54,'3Store','Provider di servizi internet a Bressanone, Italia','http://www.tre.it/','Via Mercato Vecchio, 21, 39042 Bressanone BZ',1,7,7),(55,'Quellogiusto','Negozio di scarpe a Montebelluna, Italia','http://www.quellogiusto.it/','Via Biagi, 1, 31044 Montebelluna TV',2,6,6),(56,'NaturaSi','Via Monte Ortigara, 1, 31044 Montebelluna TV','https://www.naturasi.it/','Via Monte Ortigara, 1, 31044 Montebelluna TV',3,6,6),(57,'Dandelion','Negozio di abbigliamento donna a Montebelluna, Italia','https://www.facebook.com/dandelion.abbigliamento','Via Alessandro Manzoni, 1, 31044 Montebelluna TV',4,6,6),(58,'EuroBrico','Negozio di bricolage a Montebelluna, Italia','https://www.eurobrico.com/',' Via Schiavonesca Priula, 81, 31044 Montebelluna TV',5,6,6),(59,'Rione Fontana','Negozio di abbigliamento a Montebelluna, Italia','http://www.rionefontana.com/it/','Corso Mazzini, 177, 31044 Montebelluna TV',1,6,6),(60,'Bottega Verde','Negozio di cosmetici a Montebelluna, Italia','https://www.bottegaverde.it/','Piazza Vienna, 1, 31044 Montebelluna TV',2,6,6),(61,'Stonefly Shop','Negozio di scarpe a Montebelluna, Italia','http://www.stonefly.it/','Via XXX Aprile, 89, 31044 Montebelluna TV',3,6,6),(62,'Bep\'s','Negozio di ricambi per auto a Montebelluna, Italia','http://www.beps.it/negozi/treviso-montebelluna','Via Piave, 130, 31044 Montebelluna TV',4,6,6),(63,'Salmoiraghi & Viganò','Ottico a Montebelluna, Italia','http://www.salmoiraghievigano.it/','Via Cavour Camillo Benso, 8, 31044 Montebelluna TV',5,6,6),(64,'Brums','Negozio di abbigliamento per bambini a Treviso, Italia','https://www.brums.com/it/negozi-brums/brums-treviso.html','Via Pescheria, 5, 31100 Treviso TV',1,6,6),(65,'Negozio Alessi','Casalinghi a Treviso, Italia','http://www.alessi.com/it/negozi/store-locator','Via Antonio Canova, 32, 31100 Treviso TV',2,6,6),(66,'DorelanBed Treviso','Negozio di materassi a Lancenigo, Italia','http://treviso.dorelanbed.it/','Viale Della Repubblica, 15, 31020 Treviso TV',3,6,6),(67,'Citta del Sole Treviso','Negozio di giocattoli a Treviso, Italia','https://www.cittadelsole.it/it/negozio/veneto/treviso','Piazza S. Leonardo, 12, 31100 Treviso TV',4,6,6),(68,'Pandora Store','Gioielleria a Treviso, Italia','http://www.pandora.net/it-it/stores/italy/31100/pandora-store','Via XX Settembre, 27, 31100 Treviso TV',5,6,6),(69,'K-Way Treviso','Negozio di abbigliamento a Treviso, Italia','http://www.k5.k-waynet.com/it/negozio.asp','Via Barberia, 26, 31100 Treviso TV',1,6,6),(70,'Gamestop','Catena di rivenditori di videogiochi nuovi e usati, console, controller e accessori.','https://www.gamestop.it/','Viale Della Repubblica, 275, 31100 Treviso TV',2,6,6),(71,'ABC Informatica','Negozio di computer a Treviso, Italia','http://www.abcinformatica.com/','Piazza Pola, 31100 Treviso TV',3,6,6),(72,'Ikiya','Sala da tè','https://www.ikiya.it/','Via San Nicolò, 15, 31100 Treviso TV',4,6,6),(73,'Ca Macana','Negozio di artigianato tipico a Venezia, Italia','http://www.camacana.com/','Sestiere Dorsoduro, 3172, 30123 Venezia VE',5,6,6),(74,'Atelier Marega','Negozio di costumi a Venezia, Italia','http://marega.it/','San Polo, 2940/B, 30125 Venezia VE',1,6,6),(75,'La Bauta','Negozio di costumi a Venezia, Italia','http://www.labauta.com/','San Polo, 2867, 30125 Venezia VE',2,6,6),(76,'Artigianato d\'Arte di Vianello Mauro','Arte a Venezia, Italia','http://glasshandmade.com/','Santa Croce 2251 ( Calle dei Morti ), 30135 Venezia VE',3,6,6),(77,'Lush Italia','Negozio di cosmetici a Venezia, Italia','https://it.lush.com/','Sestiere Cannaregio - Strada Nuova, 3822 - S. Felice, Cà d\'oro, Strada Nova, 3822, 30121 Venezia VE',4,6,6),(78,'Venezia Oro e occhiali','Ottico a Venezia, Italia','http://www.veneziaoroeocchiali.com/','San Marco 4578/A, 30124 Venezia VE',5,6,6),(79,'I Tre Mercanti srl','Negozio di prodotti alimentari per gourmet','http://www.itremercanti.it/','Campo della Guerra, 5364, 30122 Castello, Venezia VE',1,6,6),(80,'Promod','Negozio di abbigliamento donna a Venezia, Italia','https://www.promod.it/negozi/negozio-816.html','Campo San Bartolomeo 5372-5378, 30124 Venezia VE',2,6,6),(81,'The Disney Store','Catena di negozi Disney con giocattoli, vestiti e pezzi da collezione ufficiali dei personaggi e altro ancora.','http://www.disneystore.it/','Campo San Bartolomeo, 5257, 30124 Venezia VE',3,6,6),(82,'Acqua del Garda','Profumeria a Verona, Italia','https://www.acquadelgardafragranze.com/','Via Rosa, 8, 37121 Verona VR',4,7,7),(83,'Patrizia Prencipe','Negozio di accessori di moda a Verona, Italia','http://www.patriziaprencipe.it/','Via Giovanni Zambelli, 4a, 37121 Verona VR',5,7,7),(84,'Diletta Sicilia','Negozio di alimentari','http://www.dilettasicilia.it/','Vicolo Giuseppe Mazzini 4 - Verona, 37121 Verona VR',1,7,7),(85,'Libreria Antiquaria Perini S.A.S','Negozio di libri rari a Verona, Italia','http://www.libreriaperini.com/it/home','Via Amatore Sciesa, 11, 37122 Verona VR',2,7,7),(86,'Gioielli Soprana','Gioielliere a Verona, Italia','http://gioiellisoprana.business.site/','Via Giosuè Carducci, 11, 37129 Verona VR',3,7,7),(87,'Riot Clothing Space','Negozio di abbigliamento a Verona, Italia','http://www.riot-clothing-space.com/it/home/','Via Filippini, 10, 37121 Verona VR',4,7,7),(88,'The Yellow Peg','Negozio di abbigliamento vintage a Verona, Italia','http://www.theyellowpeg.com/','Via Gaetano Trezza, 14/a, 37129 Verona VR',5,7,7),(89,'Yves Rocher Verona','Negozio di cosmetici a Verona, Italia','https://www.yves-rocher.it/it','Via Giuseppe Mazzini, 12, 37121 Verona VR',1,7,7),(90,'Gulliver Libri Per Viaggiare Di Luigi Licci','Libreria a Verona, Italia','http://www.gullivertravelbooks.it/','Via Stella, 16, 37121 Verona VR',2,7,7),(91,'Vans','Negozio che propone scarpe e abbigliamento casual del marchio ispirato allo skateboard e al surf.','https://www.vans.it/','Via Cappello, 45, 37121 Verona VR',3,7,7),(92,'Alcott','Negozio di abbigliamento a Bari, Italia','http://www.alcott.eu','Via Principe Amedeo, 14/22, 70121 Bari BA',4,7,7),(93,'Leroy Merlin Bari S. Caterina','Negozio di bricolage in Italia','https://www.leroymerlin.it/','Strada Santa Caterina, 17E, 70124 Bari BA',5,7,7),(94,'Città del sole Bari','Negozio di giocattoli a Bari, Italia','https://www.cittadelsole.it/','Via Nicolò Putignani, 14/A, 70121 Bari BA',1,7,7),(95,'Louis Vuitton','Pelletteria a Bari, Italia','http://it.louisvuitton.com/','Via Sparano da Bari, 127/A, 70121 Bari BA',2,7,7),(96,'Eataly Bari','Ristorante','https://www.eataly.net/it_it/negozi/bari','Lungomare Starita, 4, 70132 Bari BA',3,7,7),(97,'Napapijri Bari','Napapijri Bari','http://www.napapijri.com/it/','Via Principe Amedeo, 27, 70121 Bari BA',4,7,7),(98,'Terranova','Negozio di abbigliamento a Bari, Italia','https://store.terranovastyle.com/','Via Natale Loiacono, 20, 70126 Bari BA',5,7,7),(99,'Liu jo','Negozio di abbigliamento a Bari, Italia','https://www.liujo.com/it/storelocator/?country=IT','Via Argiro, 127, 70100 Bari BA',1,7,7),(100,'Clarks Shop','Negozio di scarpe a Bari, Italia','https://www.clarks.eu','Via Principe Amedeo, 94, 70121 Bari BA',2,7,7),(101,'ELISABETTA FRANCHI','Negozio di abbigliamento donna a Bari, Italia','http://www.elisabettafranchi.com/it_it/','Via Nicolò Putignani, 51/A, 70121 Bari BA',3,7,7),(102,'NOHA - Negozio di abbigliamento','Negozio di abbigliamento a Brindisi, Italia','http://www.nohamoda.it','Corso Umberto I, 72, 72100 Brindisi BR',4,7,7),(103,'Baby Bazar Brindisi','Mercatino dell\'usato a Brindisi, Italia','http://brindisi.babybazar.it','Via Osanna, 5, 72100 Brindisi BR',5,7,7),(104,'OVALE BRINDISI','Negozio di elettronica a Brindisi, Italia','http://www.ovaleeurope.com','Corso Roma, 80, 72100 Brindisi BR',1,7,7),(105,'Marella','Boutique a Brindisi, Italia','https://it.marella.com','Corso Roma, 9, 72100 Brindisi BR',2,7,7),(106,'Foot Locker','Negozio di scarpe a Brindisi, Italia','https://www.footlocker.eu','Corso Umberto I, 75, 72100 Brindisi BR',3,6,6),(107,'Lovable','Negozio di intimo in Italia','http://www.lecolonneshoppingcentre.it','Centro Commerciale Le Colonne, Via Appia, 712, 72100 Brindisi BR',4,6,6),(108,'Bershka','Negozio di abbigliamento in Italia','https://www.bershka.com/it/','Centro Commerciale Le Colonne, Strada Statale 7 Appia km 712, 72100 Brindisi BR',5,6,6),(109,'H&M','Negozio di abbigliamento in Italia','http://www2.hm.com/it_it/index.html','Corso Giuseppe Garibaldi, 106, 72100 Brindisi BR',1,6,6),(110,'Stradivarius','Negozio di abbigliamento donna in Italia','https://www.stradivarius.com/it/','Centro Commerciale Le Colonne, SS7, 72100 Brindisi BR',2,6,6),(111,'Unieuro City','Negozio di elettronica a Brindisi, Italia','https://plus.google.com/105641972532548769744','Via Santi, 10/12, 72100 Brindisi BR',3,6,6),(112,'NaturaSì','Negozio di alimenti naturali','https://www.naturasi.it/negozi/taranto/taranto','Via Medaglie D\'Oro, 124, 74100 Taranto TA',4,6,6),(113,'Mercatopoli Taranto Centro','Mercatino dell\'usato a Taranto, Italia','https://tarantocentro.mercatopoli.it','Via Cesare Battisti, 5200, 74121 Taranto TA',5,6,6),(114,'Piazza Italia','Negozio di abbigliamento a Taranto, Italia','https://www.piazzaitalia.it','Via Federico di Palma, 8, 74123 Taranto TA',1,6,6),(115,'Trony','Negozio di elettronica a Taranto, Italia','https://www.trony.it/online/store/TRO074_A','Via Cesare Battisti, 1020, 74121 Taranto TA',2,6,6),(116,'Zara','Negozio di abbigliamento a Taranto, Italia','https://www.zara.com','Via G. Massari, 1, 74123 Taranto TA',3,6,6),(117,'Sisley Taranto','Negozio di abbigliamento a Taranto, Italia','http://it.sisley.com','Piazza Maria Immacolata, 16, 74121 Taranto TA',4,6,6),(118,'Mille Delizie per Torte e Feste','Negozio di dolciumi','https://www.milledeliziepertorteefeste.com','Via Leonida Da Taranto, 70/c, 74121 Taranto TA',5,6,6),(119,'PUNTO NAUTICA ACCESSORI SNC','Negozio di articoli per la nautica a Taranto, Italia','http://www.puntonauticaccessori.com','Via Cesare Battisti, 307, 74100 Taranto TA',1,7,7),(120,'Io Bimbo Taranto','Negozio di articoli per bambini a Taranto, Italia','https://iobimbo.it/content/43-taranto1/','Viale Magna Grecia, 98, 74121 Taranto TA',2,7,7),(121,'CANARIE','Negozio di animali a Taranto, Italia','http://www.canarietaranto.it/pet/','Via Emilia, 2, 74100 Taranto TA',3,7,7),(122,'G Di Giochi','Negozio di giocattoli in Italia','http://www.gdigiochi.it','Via della Cavalleria, 16, 73100 Lecce LE',4,7,7),(123,'Mango','Negozio di abbigliamento a Lecce, Italia','http://shop.mango.com/preHome.faces','Via Nazario Sauro, 29, 73100 Lecce LE',5,7,7),(124,'DORELANBED LECCE','Negozio di materassi a Lecce, Italia','http://lecce.dorelanbed.it','Via G. Oberdan, 102, 73012 Lecce LE',1,7,7),(125,'TONDADESIGN','Negozio di artigianato tipico a Lecce, Italia','http://www.tondadesign.it','Via Giuseppe Palmieri, 20, 73100 Lecce LE',2,6,6),(126,'Suit Boutique - Uomo','Negozio di abbigliamento a Lecce, Italia','http://www.suitnegozi.com','Via Cxl Fanteria, 12, 73100 Lecce LE',3,6,6),(127,'Musicarte Lecce','Negozio di strumenti musicali a Lecce, Italia','http://www.musicartenet.it','Piazza L. Ariosto, 15, 73100 Lecce LE',4,6,6),(128,'Superga','Negozio di abbigliamento a Lecce, Italia','https://www.superga.com/','Via Salvatore Trinchese, 90, 73100 Lecce LE',5,6,6),(129,'COIN','Negozio di abbigliamento a Lecce, Italia','http://www.coin.it','Via Nazario Sauro, 29, 73100 Lecce LE',1,7,7),(130,'AW LAB','Negozio di scarpe a Lecce, Italia','https://www.aw-lab.com','Piazza Mazzini Giuseppe, 73100 Lecce (LE) LE',2,7,7),(131,'IPERZOO LECCE','Negozio di animali a Lecce, Italia','https://www.iperzoolecce.it','Via G. D\'Annunzio, 24, 73100 Lecce LE',3,7,7),(132,'Prink','Negozio di forniture per ufficio a Foggia, Italia','http://www.prink.it/foggia/0192','A, Via Marchese de Rosa, 35, 71121 Foggia FG',4,6,6),(133,'Frisby di Matteo Basta','Negozio di giocattoli a Foggia, Italia','http://frisbygiocattoli.it/index.php','Corso Giuseppe Garibaldi, 94, 71121 Foggia FG',5,6,6),(134,'Cianfano System Srl','Produttore di arredi per negozi e supermercati a Foggia, Italia','https://www.cianfanosystem.it','Via Tratturo Castiglione, 48, 71121 Foggia FG',1,6,6),(135,'Mazzeo Giocattoli','Negozio di giocattoli in Italia','http://www.mazzeogiocattoli.it','Città del Cinema, Via Miranda Luigi, 71100 Foggia FG',2,7,7),(136,'Pasticceria Gelateria MONACHESE','Pasticceria','http://www.monachese.it','Viale Ofanto, 199, 71121 Foggia FG',3,7,7),(137,'Antica Enoteca Saponaro Antonio','Enoteca','http://www.anticaenotecasaponaro.com','Via Nicolò Borrelli, 2, 71121 Foggia FG',4,7,7),(138,'ZENO NEGOZI MULTISTORE','Negozio di abbigliamento a Foggia, Italia','http://www.zenonegozi.com','Via Lecce, 24, 71121 Foggia FG',5,6,6),(139,'Boutique I figli di Papà','Negozio di abbigliamento per bambini a Foggia, Italia','https://www.facebook.com/ifiglidipapa.foggia','Corso Cairoli, 39, 71121 Foggia FG',1,6,6),(140,'Essedi INFORMATICA APPLE Foggia','Consulente informatico a Foggia, Italia','http://www.essedinformatica.it/EndUser/index.asp','Viale Ofanto, 175, 71100 Foggia FG',2,6,6),(141,'Dok Supermercati','Alimentari','http://www.supermercatidok.it','Piazzale Puglia, 11, 71121 Foggia FG',3,7,7),(142,'Promod Napoli','Negozio di abbigliamento a Napoli, Italia','https://www.promod.it/','Via Alessandro Scarlatti, 112, 80127 Napoli NA',4,7,7),(143,'Calcio Napoli Official Store','Negozio di articoli da calcio a Napoli, Italia','http://store.sscnapoli.it/it/negozi','Piazza Giuseppe Garibaldi, 3, 80142 Napoli NA',5,7,7),(144,'Thun','Negozio di articoli da regalo a Napoli, Italia','http://www.thun.com/','Piazza Giuseppe Garibaldi, 80142 Napoli NA',1,6,6),(145,'Odette - Negozi per la danza','Negozio di abbigliamento per la danza a Napoli, Italia','http://odettedanza.it/odette-napoli','Via Nardones, 102, 80132 Napoli NA',2,6,6),(146,'PerDormire Napoli (Capodichino)','Negozio di materassi','https://perdormire.com','Calata Capodichino, 118, 80141 Napoli NA',3,6,6),(147,'Libreria Mondadori Fuorigrotta','Libreria a Napoli, Italia','http://www.mondadoristore.it/','Piazzale Vincenzo Tecchio, 10, 80124 Napoli NA',4,7,7),(148,'Tufano Entertainment','Negozio di elettronica a Napoli, Italia','http://tufano.euronics.it','Galleria Umberto I, 53, 80132 Napoli NA',5,7,7),(149,'Centroarredi System','Negozio di mobili a Napoli, Italia','https://www.centroarredisystem.com','Via Emanuele Gianturco, 31/C, 80146 Napoli NA',1,7,7),(150,'Punto Bio','Negozio a Napoli, Italia','http://www.puntobionapoli.it','Via Sigmund Freud, 56, 80131 Napoli NA',2,6,6),(151,'London Store Napoli','Negozio di abbigliamento a Napoli, Italia','http://www.londonstore.it','Via Nilo, 33/c, 80135 Napoli NA',3,6,6),(152,'Bricocenter','Negozio di bricolage a Salerno, Italia','http://www.bricocenter.it/','Via San Leonardo, 37, 84131 Salerno SA',4,6,6),(153,'SALERNO LUCE - ILLUMINAZIONE LAMPADARI LAMPAD','Negozio di articoli per l\'illuminazione a Salerno, Italia','http://www.illuminazionesalernoluce.it','Via San Leonardo, 6/7, 84131 Salerno SA',5,6,6),(154,'Scarpe & Scarpe Spa','Negozio di scarpe a Salerno, Italia','http://www.scarpescarpe.eu','Via San Leonardo, 84131 Salerno SA',1,6,6),(155,'Cuomo Arredamento Negozi Dell\'Ing. Leonardo C','Produttore di arredi per negozi e supermercati a Salerno, Italia','http://www.cuomoarredamentonegozi.com','31 Via Fatigati Raffaele, Salerno, SA 84128',2,6,6),(156,'Silvian Heach Store','Negozio di abbigliamento donna a Salerno, Italia','https://www.silvianheach.com','Corso Vittorio Emanuele, 29, 84123 Salerno SA',3,6,6),(157,'Mondadori Point - Edicolè Salerno','Libreria a Salerno, Italia','http://www.mondadoristore.it/','Via Raffaele Mauri, 101, 84129 Salerno SA',4,6,6),(158,'Itaca Srl','Negozio di computer a Salerno, Italia','https://www.itacashop.it','Via Lucania, 8/10, 84129 Salerno SA',5,6,6),(159,'Vog','Negozio di abbigliamento a Salerno, Italia','http://www.vogsalerno.it','Piazza XXIV Maggio, 13, 84122 Salerno SA',1,6,6),(160,'Ricciardi Moda S. R. L.','Boutique a Salerno, Italia','http://www.ricciardimoda.com/it/index.html','Via Velia, 20, 84122 Salerno SA',2,6,6),(161,'METRO Cash and Carry','Negozio di arredamento per bar e ristoranti','https://www.metro.it','Via Tiberio Claudio Felice, 18B, 84131 Salerno SA',3,6,6),(162,'HOGAN Boutique','Boutique, Caserta, Italia','http://www.mariodanna.it','Via Giuseppe Mazzini, 39/41, 81100 Caserta CE',4,6,6),(163,'Mario D\'Anna','Negozio di abbigliamento a Caserta, Italia','https://www.mariodannashop.it','Via Giuseppe Mazzini, 46, 81100 Caserta CE',5,6,6),(164,'ePRICE Pick&Pay','Negozio di elettronica a Caserta, Italia','https://www.eprice.it/p/PickAndPay/PickAndPay-caserta-centro','Via Ferrarecce, 175, 81100 Caserta CE',1,6,6),(165,'Vanessa Sound Sas','Negozio di elettrodomestici, Caserta, Italia','http://www.vanessasound.it','Via Gennaro Tescione, 74, 81100 Caserta CE',2,6,6),(166,'Luisa Spagnoli','Boutique, Caserta, Italia','http://www.luisaspagnoli.it','Via Giuseppe Mazzini, 38, 81100 Caserta CE',3,6,6),(167,'Camomilla Italia','Negozio di abbigliamento a Caserta, Italia','http://www.camomillaitalia.com/it/','Corso Trieste, 34, 81100 Caserta CE',4,6,6),(168,'Prodomo','Negozio di abbigliamento uomo, Caserta, Italia','http://www.prodomoeprodomo.it','Via S. Giovanni, 72, 81100 Caserta CE',5,6,6),(169,'L\' Erbolario','Erboristeria, Caserta, Italia','http://www.erbolario.com/it/','Corso Trieste, 108, 81100 Caserta CE',1,6,6),(170,'Modelhobby - Flight','Negozio di modellini, Caserta, Italia','https://www.modelhobby-flight.it','Via E. Ruggiero, 12, 81100 Caserta CE',2,6,6),(171,'Caprio snc','Negozio di elettronica a Caserta, Italia','https://www.facebook.com/capriosnc/?ref=bookmarks','Piazza Matteotti, 52, 81100 Caserta CE',3,6,6),(172,'THUN','Negozio di articoli da regalo a Padova, Italia','http://www.thun.com/it_it/','Via Roma, 36, 35139 Padova PD',4,6,6),(173,'La Rinascente','Grande magazzino a Padova, Italia','https://www.rinascente.it/rinascente/it/store/25/padova/','Piazza Giuseppe Garibaldi, 35122 Padova PD',5,6,6),(174,'Timberland','Catena di negozi che vendono indumenti, scarpe e accessori robusti e alla moda per uomo, donna e bambino.','https://www.timberland.it/utility/trova-un-negozio.html','35122, Corso Giuseppe Garibaldi, 2, 35121 Padova PD',1,6,6),(175,'Comet','Negozio di elettrodomestici a Padova, Italia','https://www.comet.it/negozi/comet-padova','Via Sergio Fraccalanza, 9, 35129 Padova PD',2,6,6),(176,'Kiabi','Negozio di abbigliamento a Padova, Italia','https://www.kiabi.it/#redirectionhttps','Via Venezia, 53, 35129 Padova PD',3,7,7),(177,'Paradiso delle Sorprese','Negozio di articoli da regalo a Padova, Italia','http://www.paradisodellesorprese.it/','Via Altinate, 92, 35121 Padova PD',4,7,7),(178,'Flying Tiger Copenhagen','Casalinghi a Padova, Italia','https://flyingtiger.com/','Via Daniele Manin, 1, 35122 Padova PD',5,7,7),(179,'Maxi Zoo','Negozio per animali a Padova, Italia','https://www.maxizoo.it/','Via Francesco Scipione Orologio, 35129 Padova PD',1,7,7),(180,'LILLAPOIS','Profumeria a Padova, Italia','https://www.lillapois.com/store/padova-4/','Via Tiziano Aspetti, 30, 35132 Padova PD',2,7,7),(181,'Il Ventitré','Negozio di musica e dischi a Padova, Italia','http://www.23cdstore.it/','Via S. Gregorio Barbarigo, 2, 35141 Padova PD',3,7,7),(182,'Tufano Srl','Negozio di abbigliamento a Pompei, Italia','http://www.tufanomoda.com/it','Via Carlo Alberto, 51, 80045 Pompei NA',4,7,7),(183,'Madi Gioielli','Gioielliere a Pompei, Italia','http://www.madigioielli.it/index.php','Via Macello, 22, 80045 Pompei NA',5,7,7),(184,'PIPOL SRL','Boutique a Pompei, Italia','https://www.pipol.it','Via Plinio 25 - 80045 Pompei NA',1,7,7),(185,'Supermercato Decò','Negozio di alimentari','http://multicedi.mydeco.it/stores/?id=3166','Piazza Falcone e Borsellino, 80045 Pompei NA',2,7,7),(186,'Intimita\' Kids Di De Luca Vincenzo','Negozio di abbigliamento per bambini a Pompei, Italia','http://www.ikidspompei.it','Via Lepanto, 254, 80045 Pompei NA',3,7,7),(187,'Citta Della Scarpa','Negozio di scarpe a Pompei, Italia','http://www.agricolapompeiana.it','Strada Statale 145, 1, 80045 Pompei NA',4,7,7),(188,'She Abbigliamento','Negozio a Pompei, Italia','https://www.sheabbigliamento.com','Via Lepanto, 60, 80045 Pompei NA1',5,7,7),(189,'Toys Center Pompei','Negozio di giocattoli a Pompei, Italia','http://www.toyscenter.it','Centro Commerciale La Cartiera, Via Macello, 22, 80045 Pompei NA',1,7,7),(190,'Boccia Fashion - Donna','Negozio a Pompei, Italia','http://boccia-fashion-donna.business.site','80045 Pompei Via Capone, 1/3, (Uscita Casello Autostradale A3 Scafati-Pompei), 80045 Pompei NA',2,7,7),(191,'Scarpamondo Pompei','Negozio di scarpe a Pompei, Italia','https://scarpamondo.it/it-IT/negozi/pompei-49','Via Macello, 22, 80045 Pompei NA',3,7,7),(192,'Calabro\' Calzature E Pelletterie','Negozio di scarpe a Benevento, Italia','http://www.calabrocalzature.it/','Via Ennio Goduti, 17, 82100 Benevento BN',4,7,7),(193,'Bricofer Benevento','Negozio di bricolage in Italia','http://www.bricofer.it/singoli-punti-vendita/benevento','Contrada Capodimonte, 1, 82100 Benevento BN',5,6,6),(194,'BRUMS','Negozio di abbigliamento per bambini a Benevento, Italia','https://www.brums.com/it/negozi-brums/brums--benevento.html','Via Abbazia, 82100 Benevento BN',1,6,6),(195,'Primi Anni Benevento','Negozio di articoli per bambini a Benevento, Italia','http://www.primiannistore.it/store-page/negozio-primi-anni-benevento/','Via Giuseppe Cassella, 13, 82100 Benevento BN',2,7,7),(196,'Zuiki','Negozio di abbigliamento donna a Benevento, Italia','https://www.zuiki.it/it/negozi','S.S. 7 Appia, KM 258+750, 82100 Benevento AV',3,7,7),(197,'Gaya Group S.R.L.','Boutique a Benevento, Italia','http://gayastore.it','Corso Garibaldi, 204, 82100 Benevento BN',4,7,7),(198,'Bottega Verde','Negozio di cosmetici a Benevento, Italia','https://www.bottegaverde.it/index.jsp?action=setNegozio&par=1354','Via Traiano, 82100 Benevento BN',5,7,7),(199,'Bata','Negozio di scarpe a Benevento, Italia','https://www.bata.it/','S.S. 7 Appia, KM 258+750, 82100 Benevento BN',1,7,7),(200,'Marcello Donna','Negozio di abbigliamento donna a Benevento, Italia','http://www.marcellogroup.net','Piazza Roma, 82100 Benevento BN',2,7,7),(201,'Sannio Music Store Sas Di Roberto Fallarino &','Negozio di strumenti musicali a Benevento, Italia','https://www.sanniomusicstore.com','Via Avellino, 25, 82100 Benevento BN',3,7,7),(202,'Cisalfa Sport Benevento','Negozio di abbigliamento sportivo a Benevento, Italia','http://www.cisalfasport.it/cisalfa/negozi/','Via dei Longobardi, 10, 82100 Benevento BN',1,7,7),(203,'Yamamay','Negozio di biancheria intima a Benevento, Italia','https://www.yamamay.com/it_it/','VIA DEI LONGOBARDI - C.C. I SANNITI, 82100 Benevento BN',2,7,7);
/*!40000 ALTER TABLE `SHOPS` ENABLE KEYS */;
UNLOCK TABLES;

--
-- Table structure for table `USERS`
--

DROP TABLE IF EXISTS `USERS`;
/*!40101 SET @saved_cs_client     = @@character_set_client */;
/*!40101 SET character_set_client = utf8 */;
CREATE TABLE `USERS` (
  `id` int(11) NOT NULL AUTO_INCREMENT,
  `email` varchar(45) NOT NULL,
  `firstName` varchar(45) NOT NULL,
  `lastName` varchar(45) NOT NULL,
  `role` varchar(45) NOT NULL DEFAULT 'registrato',
  `password` varchar(45) NOT NULL,
  PRIMARY KEY (`id`),
  UNIQUE KEY `username_UNIQUE` (`email`)
) ENGINE=InnoDB AUTO_INCREMENT=41 DEFAULT CHARSET=latin1;
/*!40101 SET character_set_client = @saved_cs_client */;

--
-- Dumping data for table `USERS`
--

LOCK TABLES `USERS` WRITE;
/*!40000 ALTER TABLE `USERS` DISABLE KEYS */;
INSERT INTO `USERS` VALUES (1,'mattia@mattia.com','Mattia','P','amministratore','a'),(2,'grigo@grigo.com','Nicholas','G','registrato','a'),(3,'marco@marco.com','Marco','de Marchi','registrato','a'),(4,'mario@mario.com','Mario','Rossi','registrato','a'),(5,'luigi@luigi.com','Luigi','Verdi','registrato','a'),(6,'alessio@alessio.com','Alessio','G','venditore','a'),(7,'antonio@antonio','Antonio','M','venditore','a'),(8,'luca@luca.com','Luca','Verdi','venditore','a'),(9,'andrea@andrea.com','Andrea','Bianchi','venditore','a'),(10,'caterina@caterina.com','Caterina','Maiello','registrato','a'),(11,'alessia@alessia.com','Alessia','Ferrari','registrato','a'),(12,'alice@alice.com','Alice','Sala','registrato','a'),(13,'arianna@arianna.com','Arianna','Pauletto','registrato','a'),(14,'carlo@carlo.com','Carlo','Posta','registrato','a'),(15,'carla@carla.com','Carla','Nardelli','registrato','a'),(16,'chiara@chiara.com','Chiara','Piffer','registrato','a'),(17,'cristina@cristina.com','Cristina','D\'avena','venditore','a'),(18,'davide@davide.com','Davide','Santon','registrato','a'),(19,'elisa@elisa.com','Elisa','Omezzolli','venditore','a'),(20,'francesca@francesca.com','Francesca','Pino','registrato','a'),(21,'francesco@francesco.com','Francesco','Abete','registrato','a'),(22,'giacomo@giacomo.com','Giacomo','Bornino','registrato','a'),(23,'giancarlo@giancarlo.com','Giancarlo','Bosco','registrato','a'),(24,'giovanni@giovanni.com','Giovanni','Usignolo','registrato','a'),(25,'giovanna@giovanna.com','Giovanna','Cancello','registrato','a'),(26,'giulia@giulia.com','Giulia','Finale','registrato','a'),(27,'giulio@giulio.com','Giulio','Mare','registrato','a'),(28,'giuseppe@giuseppe.com','Giuseppe','Foglia','registrato','a'),(29,'katia@katia.com','Katia','Scarpa','registrato','a'),(30,'lucia@lucia.com','Lucia','Lona','venditore','a'),(31,'lorenzo@lorenzo.com','Lorenzo','Insigne','registrato','a'),(32,'maria@maria.com','Maria','Mosca','registrato','a'),(33,'martina@martina.com','Martina','Dalri','registrato','a'),(34,'matteo@matteo.com','Matteo','Barbon','registrato','a'),(35,'nicola@nicola.com','Nicola','Legrottaglie','venditore','a'),(36,'paola@paola.com','Paola','De Rosa','registrato','a'),(37,'paolo@paolo.com','Paolo','Fontanari','venditore','a'),(38,'stefano@stefano.com','Stefano','Lento','registrato','a'),(39,'valentina@valentina.com','Valentina','Agostini','registrato','a');
/*!40000 ALTER TABLE `USERS` ENABLE KEYS */;
UNLOCK TABLES;

--
-- Table structure for table `USERS_PICTURES`
--

DROP TABLE IF EXISTS `USERS_PICTURES`;
/*!40101 SET @saved_cs_client     = @@character_set_client */;
/*!40101 SET character_set_client = utf8 */;
CREATE TABLE `USERS_PICTURES` (
  `id` int(11) NOT NULL AUTO_INCREMENT,
  `name` varchar(90) NOT NULL,
  `id_Product` int(11) NOT NULL,
  `id_Owner` int(11) NOT NULL,
  `nameOwner` varchar(90) NOT NULL,
  PRIMARY KEY (`id`),
  KEY `UsersPictutresidProduct_idx` (`id_Product`),
  KEY `UsersPictutresidProduct_idx1` (`id_Owner`),
  CONSTRAINT `UserPicturesOwner` FOREIGN KEY (`id_Owner`) REFERENCES `USERS` (`id`) ON DELETE NO ACTION ON UPDATE NO ACTION,
  CONSTRAINT `UsersPictutresidProduct` FOREIGN KEY (`id_Product`) REFERENCES `PRODUCTS` (`id`) ON DELETE NO ACTION ON UPDATE NO ACTION
) ENGINE=InnoDB AUTO_INCREMENT=7 DEFAULT CHARSET=latin1;
/*!40101 SET character_set_client = @saved_cs_client */;

--
-- Dumping data for table `USERS_PICTURES`
--

LOCK TABLES `USERS_PICTURES` WRITE;
/*!40000 ALTER TABLE `USERS_PICTURES` DISABLE KEYS */;
INSERT INTO `USERS_PICTURES` VALUES (6,'idUser=9_fotoprova.png',54,9,'Andrea Bianchi');
/*!40000 ALTER TABLE `USERS_PICTURES` ENABLE KEYS */;
UNLOCK TABLES;
/*!40103 SET TIME_ZONE=@OLD_TIME_ZONE */;

/*!40101 SET SQL_MODE=@OLD_SQL_MODE */;
/*!40014 SET FOREIGN_KEY_CHECKS=@OLD_FOREIGN_KEY_CHECKS */;
/*!40014 SET UNIQUE_CHECKS=@OLD_UNIQUE_CHECKS */;
/*!40101 SET CHARACTER_SET_CLIENT=@OLD_CHARACTER_SET_CLIENT */;
/*!40101 SET CHARACTER_SET_RESULTS=@OLD_CHARACTER_SET_RESULTS */;
/*!40101 SET COLLATION_CONNECTION=@OLD_COLLATION_CONNECTION */;
/*!40111 SET SQL_NOTES=@OLD_SQL_NOTES */;

-- Dump completed on 2018-03-24 11:47:39
